building_address,city,district_id,latitude,longitude,open_date,phone_nbr,region_id,square_footage,store_name,store_nbr,store_type_descr,street_address,zip_code
,,,,,,,,,Dummy Store,1182,,,
,,,,,,,,,Dummy Store,1214,,,
,,,,,,,,,Dummy Store,2925,,,
,,,,,,,,,Dummy Store,3174,,,
,,,,,,,,,Dummy Store,3180,,,
# 100 900 CARMICHAEL,HINTON,4,53.38368988,-117.62999725,1994-03-16 00:00:00,(780)865   -1421,1,60233,HINTON  ALBERTA,3038,BASE STR WAL-MART,# 100 900 CARMICHAEL LANE,T7V 1Y6
# 1-300 KING GEORGE,BRANTFORD,14,43.18048096,-80.27999878,1994-03-16 00:00:00,(519)759   -3450,2,146769,BRANTFORD  ONTARIO,3005,BASE STR SUPERCENTER,1-300 KING GEORGE RD,N3R 5L7
# 2 HOSPITAL ST,FORT MCMURRAY,6,56.72230911,-111.36000061,1999-01-29 00:00:00,(780)790   -6012,1,96536,FT. MCMURRAY  ALBERTA,3157,BASE STR WAL-MART,# 2 HOSPITAL ST,T9H 5E4
# 50 MARKET ST,ANTIGONISH,29,45.60832214,-62.00999832,2004-12-02 00:00:00,,4,84939,ANTIGONISH  NS,1014,BASE STR WAL-MART,# 50 MARKET ST,B2G 3B4
# 54-1225 ST MARY ',WINNIPEG,10,49.83033752,-97.11000061,1994-03-16 00:00:00,(204)256   -7027,1,157871,S. WINNIPEG  ST.VITAL CTR,3119,BASE STR SUPERCENTER,# 54-1225 ST MARY ' S RD,R2M 5E6
# 600 HWY 2,DAWSON CREEK,,55.73842621,-120.22000122,2003-11-13 00:00:00,,,87326,DAWSON CREEK  BC,5776,BASE STR SUPERCENTER,# 600 HWY 2,V1G 0A4
1 PINE DR,PARRY SOUND,16,45.34612274,-80.01000214,2005-01-25 00:00:00,,2,110127,PARRY SOUND  ON,1023,BASE STR SUPERCENTER,1 PINE DR,P2A 3C3
1 WESTMOUNT SHOPPING,EDMONTON,5,53.56091309,-113.55000305,2013-01-25 00:00:00,,1,91432,EDMONTON (WESTMOUNT),1148,BASE STR WAL-MART,1 WESTMOUNT SHOPPING CENTRE NW,T5M 3L7
10 CAMBRIDGE ST,COLLINGWOOD,15,44.49960709,-80.23999786,2006-01-19 00:00:00,,2,111243,COLLINGWOOD  ON,1039,BASE STR SUPERCENTER,10 CAMBRIDGE ST,L9Y 0A1
100 BAYSHORE DR,OTTAWA,22,45.34723663,-75.80999756,1994-03-16 00:00:00,(613)820   -8767,4,132922,BAYSHORE SHOPPING CENTRE,3066,BASE STR SUPERCENTER,100 BAYSHORE DR,K2B 8C1
100 BOUL BRIEN,REPENTIGNY,23,45.74226379,-73.45999908,1994-03-16 00:00:00,(450)654   -8886,3,149994,REPENTIGNY  QUEBEC,3079,BASE STR WAL-MART,100 BOUL BRIEN,J6A 5N4
100 BOUL OMER-MARCIL,ST-JEAN-SUR-RICHELI,25,45.33112717,-73.30000305,1994-03-16 00:00:00,(450)349   -0666,3,152860,ST JEAN  QUEBEC,3090,BASE STR SUPERCENTER,100 BOUL OMER-MARCIL,J2W 2X2
100 CITY CENTRE DR,MISSISSAUGA,17,43.59307861,-79.63999939,1994-03-16 00:00:00,(905)270   -9300,2,223438,MISSISSAUGA (SQUARE ONE),3055,BASE STR SUPERCENTER,100 CITY CENTRE DR,L5B 2G7
100 RUE DES CERISIER,RIVIERE-DU-LOUP,27,47.82126617,-69.55000305,2003-11-13 00:00:00,,3,112113,RIVIERE DU LOUP  QC,3655,BASE STR SUPERCENTER,100 RUE DES CERISIERS,G5R 6E8
100 STONEBRIDGE BLVD,WASAGA BEACH,15,44.52519608,-80,2007-07-28 00:00:00,,2,115778,WASAGA BEACH  ON,1087,BASE STR SUPERCENTER,100 STONEBRIDGE BLVD,L9Z 0C1
100 THE BOARDWALK,KITCHENER,12,43.43301392,-80.55999756,2010-11-19 00:00:00,,2,181909,WATERLOO WEST.  ON,1111,BASE STR SUPERCENTER,100 THE BOARDWALK,N2N 0B1
1000 GERRARD ST E,TORONTO,18,43.66914368,-79.33999634,2013-01-25 00:00:00,,2,62364,TORONTO DOWNTOWN (E),1150,BASE STR WAL-MART,1000 GERRARD ST E,M4M 3G6
1000 LAKESIDE DR,NELSON,3,49.49850082,-117.29000092,1994-03-16 00:00:00,(250)352   -3782,1,71762,NELSON  BRITISH COLUMBIA,3060,BASE STR WAL-MART,1000 LAKESIDE DR,V1L 5Z4
1000 NAVIGATOR RD BO,WINKLER,10,49.19534302,-97.94000244,2004-12-02 00:00:00,,1,91848,WINKLER  MB,1022,BASE STR SUPERCENTER,1000 NAVIGATOR RD BOX 1720,R6W 4B6
1000 SIMS AVE,WEYBURN,9,49.6614418,-103.87000275,2003-11-13 00:00:00,,1,64249,WEYBURN SASKATCHEWAN,5790,BASE STR WAL-MART,1000 SIMS AVE,S4H 3N9
1000 TAYLOR AVE,WINNIPEG,10,49.85330963,-97.16000366,2015-01-29 00:00:00,,1,155953,WINNIPEG (GRANT PARK),1186,BASE STR SUPERCENTER,1000 TAYLOR AVE,R3M 1T6
1001 EMPRESS ST,WINNIPEG,10,49.89681625,-97.19000244,1994-03-16 00:00:00,(204)284   -6900,1,124600,C. WINNIPEG  MANITOBA,3116,BASE STR SUPERCENTER,1001 EMPRESS ST,R3G 3P8
1001 RUE DES MIGRATE,TERREBONNE,23,45.71918488,-73.5,2008-01-23 00:00:00,,3,156863,LACHENAIE  QC,1085,BASE STR SUPERCENTER,1001 RUE DES MIGRATEURS,J6V 0A8
1002 CHEMONG RD,PETERBOROUGH,21,44.3247261,-78.33000183,1994-03-16 00:00:00,(705)742   -5090,4,180512,PETERBOROUGH  ONTARIO,3071,BASE STR SUPERCENTER,1002 CHEMONG RD,K9H 7E2
100-310 SHAWVILLE BL,CALGARY,7,50.9011116,-114.05999756,1998-11-13 00:00:00,(403)201   -5415,1,157721,S. CALGARY  ALBERTA,3151,BASE STR SUPERCENTER,100-310 SHAWVILLE BLVD S E,T2Y 3S4
100-3900 CRAWFORD AV,MERRITT,3,50.12158585,-120.75,2006-01-19 00:00:00,,1,69003,MERRITT  BC,1036,BASE STR WAL-MART,100-3900 CRAWFORD AVE,V1K 0A4
1005 BOUL LAURE UNIT,SEPT-ILES,27,50.2263298,-66.38999939,1994-03-16 00:00:00,(418)968   -5151,3,125490,SEPT ILES  QUEBEC,3085,BASE STR WAL-MART,1005 BOUL LAURE UNIT 500,G4R 4S6
1005 OTTAWA ST N,KITCHENER,12,43.44945526,-80.44000244,2012-10-19 00:00:00,,2,68161,KITCHENER EAST,1155,BASE STR WAL-MART,1005 OTTAWA ST N,N2A 1H2
101 BOUL CARDINAL-LE,PINCOURT,,45.38474274,-74,2012-10-18 00:00:00,,,73813,PINCOURT,1171,BASE STR WAL-MART,101 BOUL CARDINAL-LEGER,J7V 3Y3
101 EDGELEY BLVD,CONCORD,17,43.79693222,-79.52999878,1997-10-30 00:00:00,(905)761   -7945,2,194675,VAUGHAN  ONT,3145,BASE STR SUPERCENTER,101 EDGELEY BLVD,L4K 4Z4
1016 MANITOBA AVE,SELKIRK,10,50.15576172,-96.90000153,2005-01-25 00:00:00,,1,112056,SELKIRK  MB,1027,BASE STR SUPERCENTER,1016 MANITOBA AVE,R1A 4M1
102 PRIMEWAY DR,WELLAND,13,43.01467133,-79.23000336,1994-03-16 00:00:00,(905)735   -3500,2,168701,WELLAND  ONTARIO,3110,BASE STR SUPERCENTER,102 PRIMEWAY DR,L3B 0A1
1020 DAWSON RD,THUNDER BAY,19,48.45273209,-89.25,2012-10-26 00:00:00,,2,104344,THUNDER BAY NORTH,1166,BASE STR SUPERCENTER,1020 DAWSON RD,P7B 1K6
1025 BOUL FRONTENAC,THETFORD MINES,26,46.11432266,-71.30000305,2004-01-29 00:00:00,,3,87200,THETFORD MINES  QUEBEC,5832,BASE STR SUPERCENTER,1025 BOUL FRONTENAC E,G6G 6S7
1030 BOUL DU GRAND H,SAINT-JEROME,23,45.76189804,-74.01999664,2005-01-25 00:00:00,,3,135302,ST. JEROME  QC,3190,BASE STR SUPERCENTER,1030 BOUL DU GRAND HERON,J7Y 5K8
10355 152 ST,SURREY,2,49.19210815,-122.80000305,1994-03-16 00:00:00,(604)581   -1932,1,148990,E. SURRY  BC  GUILDFORD /,3098,BASE STR SUPERCENTER,10355 152 ST,V3R 7C1
1050 HOOVER PK DR,STOUFFVILLE,20,43.95513535,-79.26999664,2006-11-08 00:00:00,,2,171684,STOUFFVILLE  ON,1029,BASE STR SUPERCENTER,1050 HOOVER PK DR,L4A 0K2
1051 GARNER RD W,ANCASTER,14,43.19784164,-80.01000214,1995-11-11 00:00:00,(905)648   -9980,2,163788,ANCASTER  ON,3127,BASE STR SUPERCENTER,1051 GARNER RD W,L9G 3K9
1055 HILLSIDE DR UNI,KAMLOOPS,3,50.66558838,-120.37000275,1994-03-16 00:00:00,(250)374   -1591,1,144580,KAMLOOPS BRITISH COLUMBIA,3040,BASE STR SUPERCENTER,1055 HILLSIDE DR UNIT # 100,V2E 2S5
1063 TALBOT ST UNIT,ST. THOMAS,14,42.78194046,-81.16999817,2001-10-04 00:00:00,(519)637   -7100,2,139822,ST. THOMAS  ON,3197,BASE STR SUPERCENTER,1063 TALBOT ST UNIT # 60,N5P 1G4
1065 CENTRAL AVE,GREENWOOD,29,44.96868896,-64.91999817,2012-10-19 00:00:00,,4,75101,GREENWOOD,1177,BASE STR WAL-MART,1065 CENTRAL AVE,B0P 1N0
1070 MAJOR MACKENZIE,RICHMOND HILL,18,43.87721252,-79.41000366,2001-08-09 00:00:00,(905)737   -3457,2,131511,RICHMOND HILL  ON,3195,BASE STR SUPERCENTER,1070 MAJOR MACKENZIE DR E,L4S 1P3
108 STARRS RD,YARMOUTH,29,43.84560013,-66.09999847,2006-01-19 00:00:00,,4,91056,YARMOUTH  NS,1016,BASE STR SUPERCENTER,108 STARRS RD,B5A 2T5
11 SHOAL HARBOUR DR,CLARENVILLE,30,48.17118073,-53.99000168,1994-03-16 00:00:00,(709)466   -3014,4,79231,CLARENVILLE  NL,3018,BASE STR WAL-MART,11 SHOAL HARBOUR DR,A5A 2C3
11 WOODLAWN RD W,GUELPH,12,43.56552505,-80.27999878,2006-11-08 00:00:00,,2,171523,GUELPH ONTARIO,3144,BASE STR SUPERCENTER,11 WOODLAWN RD W,N1H 1G8
110 BLVD ARTHABASKA,VICTORIAVILLE,26,46.06785202,-71.93000031,2003-01-30 00:00:00,,3,134274,VICTORIAVILLE  QUEBEC,3739,BASE STR SUPERCENTER,110 BLVD ARTHABASKA O,G6S 0P2
110 WATT COMMON SW,EDMONTON,4,53.42243195,-113.41999817,2015-02-19 00:00:00,,1,133080,EDMONTON (SSE),1187,BASE STR SUPERCENTER,110 WATT COMMON SW,T6X 1X2
1100 10TH ST,HANOVER,15,44.15888214,-81,2001-11-15 00:00:00,(519)364   -0867,2,79571,HANOVER  ON,3129,BASE STR SUPERCENTER,1100 10TH ST,N4N 3B8
1100 STEELES AVE E,BRAMPTON,,43.68951035,-79.70999908,2007-03-06 00:00:00,,,1,IPOD CENTRE,5666,BASE STR WAL-MART,1100 STEELES AVE E,L6T 1A1
1100 TABLE MOUNTAIN,PINCHER CREEK,8,49.49943924,-113.94000244,2007-01-24 00:00:00,,1,103763,PINCHER CREEK  AB,1070,BASE STR SUPERCENTER,1100 TABLE MOUNTAIN ST,T0K 1W0
1101 ARTHUR ST W,THUNDER BAY,19,48.38228607,-89.30999756,2012-11-23 00:00:00,,2,98957,THUNDER BAY (S),1165,BASE STR WAL-MART,1101 ARTHUR ST W,P7E 5S2
1105 WELLINGTON RD,LONDON,14,42.93158722,-81.22000122,1994-03-16 00:00:00,(519)681   -7500,2,146986,S. LONDON WHITE OAKS MALL,3051,BASE STR SUPERCENTER,1105 WELLINGTON RD,N6E 1V4
11050-103 AVE,GRAND-PRAIRIE,4,55.17272186,-118.83000183,1997-09-26 00:00:00,(780)513   -3740,1,145398,GRANDE PRAIRIE  AB,3147,BASE STR SUPERCENTER,11050-103 AVE,T8V 7H1
1108 PEMBROKE ST E,PEMBROKE,22,45.81906509,-77.08000183,1999-11-12 00:00:00,(613)735   -4997,4,144368,PEMBROKE ON,3171,BASE STR SUPERCENTER,1108 PEMBROKE ST E,K8A 8P7
111 HOWLAND DR,HUNTSVILLE,16,45.34545135,-79.23000336,2004-01-29 00:00:00,,2,86258,HUNTSVILLE  ONT,5743,BASE STR SUPERCENTER,111 HOWLAND DR,P1H 2P4
1110 57TH AVE N E,CALGARY,7,51.10769272,-114.04000092,1994-03-16 00:00:00,(403)730   -0990,1,171218,N. CALGARY  DEERFOOT MALL,3013,BASE STR SUPERCENTER,1110 57TH AVE N E,T2E 9B7
1111 DAVIS DR,NEWMARKET,16,44.06748962,-79.43000031,2012-08-24 00:00:00,,2,68923,NEWMARKET EAST,1161,BASE STR WAL-MART,1111 DAVIS DR,L3Y 8X2
1115 BARTON ST E,HAMILTON,13,43.25214767,-79.80999756,2012-11-16 00:00:00,,2,88863,HAMILTON CENTRE,1121,BASE STR SUPERCENTER,1115 BARTON ST E,L8H 2V2
1130 MIDLAND AVE,KINGSTON,21,44.2651329,-76.56999969,1994-03-16 00:00:00,(613)546   -9989,4,182464,KINGSTON  ONTARIO,3043,BASE STR SUPERCENTER,1130 MIDLAND AVE,K7P 2X9
114 LOMBARD ST,SMITHS FALLS,,44.89229202,-76.02999878,2004-01-29 00:00:00,,,86913,SMITHS FALLS  ONT,5811,BASE STR SUPERCENTER,114 LOMBARD ST,K7A 5B8
116 KING ST,NORTH SYDNEY,29,46.21380234,-60.27000046,2012-10-12 00:00:00,,4,65508,NORTH SYDNEY,1178,BASE STR WAL-MART,116 KING ST,B2A 3R7
11850 224 ST,MAPLE RIDGE,2,49.2180481,-122.59999847,2015-12-03 00:00:00,,1,111841,MAPLE RIDGE,1206,BASE STR SUPERCENTER,11850 224 ST,V2X 8S1
120 COLUMBUS DR,CARBONEAR,30,47.72816849,-53.24000168,1994-03-16 00:00:00,(709)596   -5009,4,66282,CARBONEAR  NL,3015,BASE STR WAL-MART,120 COLUMBUS DR,A1Y 1B3
1200 BOUL ALPHONSE-D,LEVIS,27,46.79640579,-71.16999817,1997-09-26 00:00:00,(418)833   -8555,3,130631,LEVIS  QC,3148,BASE STR SUPERCENTER,1200 BOUL ALPHONSE-DESJARDINS,G6V 6Y8
1203 PARSONS RD N W,EDMONTON,5,53.44018173,-113.48000336,1994-03-16 00:00:00,(780)463   -6030,1,214728,S. EDMONTON  ALBERTA,3029,BASE STR SUPERCENTER,1203 PARSONS RD N W,T6N 0A9
1205 BOUL RENE-LEVES,DRUMMONDVILLE,26,45.89538574,-72.51999664,1994-03-16 00:00:00,(819)472   -6313,3,165407,DRUMMONDVILLE  QUEBEC,3023,BASE STR SUPERCENTER,1205 BOUL RENE-LEVESQUE,J2C 7V4
1205 PROSPERITY WAY,WILLIAMS LAKE,3,52.11236572,-122.12000275,2009-11-25 00:00:00,,1,118778,WILLIAMS LAKE  BC,1106,BASE STR SUPERCENTER,1205 PROSPERITY WAY,V2G 0A6
1212 37TH STREES S W,CALGARY,7,51.0410347,-114.13999939,1994-03-16 00:00:00,(403)242   -2205,1,181506,W. CALGARY  WESTBROOK,3009,BASE STR SUPERCENTER,1212 37TH ST S W,T3C 1S3
1221 CANYON MEADOWS,CALGARY,7,50.93005371,-114.02999878,2012-10-19 00:00:00,,1,84765,CALGARY DEER VALLEY,1144,BASE STR WAL-MART,1221 CANYON MEADOWS DR SE,T2J 6G2
12451 88 AVE,SURREY,2,49.1659317,-122.87999725,2004-11-12 00:00:00,,1,136116,SURREY WEST  BC,5838,BASE STR SUPERCENTER,12451 88 AVE,V3W 1P8
125 TWO NATIONS CROS,FREDERICTON,28,45.989151,-66.62999725,2007-03-14 00:00:00,,4,131674,FREDERICTON NORTH  NB,1067,BASE STR SUPERCENTER,125 TWO NATIONS CROSS,E3A 0T3
1250 KING ' S HWY,FORT FRANCES,19,48.6089592,-93.43000031,2004-01-29 00:00:00,,2,84935,FORT FRANCES  ONT,5806,BASE STR WAL-MART,1250 KING ' S HWY,P9A 2X6
12675 RUE SHERBROOKE,POINTE-AUX-TREMBLES,25,45.65457153,-73.51000214,2012-10-18 00:00:00,,3,64476,POINTE-AUX-TREMBLES,1169,BASE STR WAL-MART,12675 RUE SHERBROOKE E,H1A 3W7
1275 HIGHBURY AVE N,LONDON,15,43.01777267,-81.22000122,2012-11-16 00:00:00,,2,91576,LONDON (NORTHLAND),1157,BASE STR WAL-MART,1275 HIGHBURY AVE N,N5Y 1A8
1280 FANSHAWE PK RD,LONDON,15,43.00939941,-81.33000183,1994-03-16 00:00:00,(519)472   -7100,2,202712,N. LONDON  OAKRIDGE MALL,3050,BASE STR SUPERCENTER,1280 FANSHAWE PK RD W,N6G 5B1
1280 STEELES AVE E,MILTON,12,43.54272842,-79.87000275,2004-09-23 00:00:00,,2,189376,MILTON  ON,1000,BASE STR SUPERCENTER,1280 STEELES AVE E,L9T 6R1
1300 KING ST E,OSHAWA,20,43.90727997,-78.81999969,2012-10-12 00:00:00,,2,65519,OSHAWA (KINGSWAY),1153,BASE STR SUPERCENTER,1300 KING ST E,L1H 8J4
1305 LAWRENCE AVE W,TORONTO,18,43.70850372,-79.47000122,1994-03-16 00:00:00,(416)244   -1171,2,139373,TORONTO  NORTH PARK,3105,BASE STR WAL-MART,1305 LAWRENCE AVE W,M6L 1A5
133 HWY # 11,TEMISKAMING SHORES,19,47.53290939,-79.66999817,1995-06-03 00:00:00,(705)647   -6344,2,103236,TEMISKAMING SHORES ON,3128,BASE STR SUPERCENTER,133 HWY # 11,P0J 1P0
1333 MICHELE-BOHEC B,BLAINVILLE,23,45.67908478,-73.91000366,2014-01-23 00:00:00,,3,132564,BLAINVILLE,1185,BASE STR SUPERCENTER,1333 MICHELE-BOHEC BLVD,J7C 0M4
1349 LASALLE BLVD,SUDBURY,16,46.51997375,-80.94999695,1994-03-16 00:00:00,(705)566   -3700,2,167012,SUDBURY  ONTARIO,3097,BASE STR SUPERCENTER,1349 LASALLE BLVD,P3A 1Z2
135 FIRST COMMERCE D,AURORA,20,44.01535416,-79.41000366,2008-01-17 00:00:00,,2,212146,AURORA  ON,5778,BASE STR SUPERCENTER,135 FIRST COMMERCE DR,L4G 0G2
13703 40TH ST N W,EDMONTON,5,53.59970093,-113.40000153,1994-03-16 00:00:00,(780)476   -4460,1,162898,NE EDMONTON  LONDONDERRY,3028,BASE STR SUPERCENTER,13703 40TH ST N W,T5Y 3B5
1375 BASELINE RD,OTTAWA,22,45.36380386,-75.73999786,2011-01-28 00:00:00,,4,150937,OTTAWA SW.  ON,1110,BASE STR SUPERCENTER,1375 BASELINE RD,K2C 3G1
1399 REGENT ST,FREDERICTON,28,45.93401718,-66.66000366,1994-03-16 00:00:00,(506)452   -1511,4,137526,FREDERICTON NEW BRUNSWICK,3032,BASE STR SUPERCENTER,1399 REGENT ST,E3C 1A3
140 WADE RD,TRURO,28,45.3528595,-63.29999924,2001-11-15 00:00:00,(902)893   -5582,4,107523,TRURO  NS,3184,BASE STR SUPERCENTER,140 WADE RD,B2N 7H3
1400 OTTAWA ST S,KITCHENER,12,43.41580582,-80.51999664,2004-09-23 00:00:00,,2,179597,KITCHENER (W)  ON,1007,BASE STR SUPERCENTER,1400 OTTAWA ST S,N2E 4E2
141 DAMASCUS RD,BEDFORD,29,44.75273514,-63.63999939,1994-03-16 00:00:00,(902)865   -4000,4,166641,SACKVILLE NOVA SCOTIA,3081,BASE STR SUPERCENTER,141 DAMASCUS RD,B4A 0C2
1-425 BOUL SAINT JOS,HULL,23,45.42392731,-75.73000336,2014-01-23 00:00:00,,3,101869,HULL E.,1190,BASE STR SUPERCENTER,1-425 BOUL SAINT JOSEPH,J8Y 3Z9
1444 QUINN DR,SARNIA,15,42.98886871,-82.34999847,1994-03-16 00:00:00,(519)542   -6696,2,214685,SARNIA  ONTARIO,3082,BASE STR SUPERCENTER,1444 QUINN DR,N7S 6M8
1450 MAIN ST S,DAUPHIN,10,51.13624191,-100.05999756,1994-03-16 00:00:00,(204)638   -4808,1,50150,DAUPHIN  MANITOBA,3022,BASE STR WAL-MART,1450 MAIN ST S,R7N 3H4
1451 BOUL TALBOT,CHICOUTIMI,26,48.40297699,-71.05999756,1994-03-16 00:00:00,(418)693   -1500,3,147855,CHICOUTIMI  QUEBEC,3017,BASE STR SUPERCENTER,1451 BOUL TALBOT,G7H 5N8
1470 AV JULES-VERNE,SAINTE-FOY,27,46.78221512,-71.34999847,1997-10-31 00:00:00,(418)874   -6068,3,136625,ST. FOY  QC,3146,BASE STR SUPERCENTER,1470 AV JULES-VERNE,G2G 2R5
1471 HARMONY RD N,OSHAWA,20,43.94263077,-78.84999847,2000-10-05 00:00:00,(905)404   -6581,2,193528,OSHAWA N.  ONTARIO,3161,BASE STR SUPERCENTER,1471 HARMONY RD N,L1H 7K5
1475 BOUL ST BRUNO,SAINT-BRUNO,25,45.50932312,-73.37999725,1997-06-20 00:00:00,(450)653   -9996,3,154775,ST.BRUNO  QUEBEC,3140,BASE STR SUPERCENTER,1475 BOUL ST BRUNO,J3V 6J1
1477 ISLAND HWY,CAMPBELL RIVER,1,50.03150558,-125.26000214,2010-06-18 00:00:00,,1,151704,CAMPBELL RIVER  BC,1077,BASE STR SUPERCENTER,1477 ISLAND HWY,V9W 8E5
15 QUARRY STREET WES,COCHRANE,8,51.18646622,-114.47000122,2014-01-24 00:00:00,,1,96976,COCHRANE,1135,BASE STR SUPERCENTER,15 QUARRY STREET WEST,T4C 0W5
15 RESOLUTION DR,BRAMPTON,17,43.68050385,-79.72000122,2014-01-24 00:00:00,,2,107538,BRAMPTON (S),1188,BASE STR SUPERCENTER,15 RESOLUTION DR,L6W 0A6
150 CARROLL ST E RR,STRATHROY,15,42.94901276,-81.61000061,2006-01-19 00:00:00,,2,90651,STRATHROY  ON,1038,BASE STR SUPERCENTER,150 CARROLL ST E RR 1,N7G 4G2
150 MCEWAN DR E,BOLTON,17,43.86455154,-79.70999908,2004-01-29 00:00:00,,2,161116,BOLTON  ONT,5742,BASE STR SUPERCENTER,150 MCEWAN DR E,L7E 2Y3
150 RUE PIUZE,MATANE,27,48.84387589,-67.55999756,2005-01-25 00:00:00,,3,91160,MATANE  QC,1025,BASE STR WAL-MART,150 RUE PIUZE,G4W 4T2
1500 DUNDAS ST E,MISSISSAUGA,17,43.61062241,-79.58000183,2012-01-27 00:00:00,,2,156360,MISSISSAUGA EAST,1126,BASE STR SUPERCENTER,1500 DUNDAS ST E,L4X 1L4
1500 FISHER ST,NORTH BAY,16,46.31463242,-79.44000244,1994-03-16 00:00:00,(705)472   -1704,2,159184,NORTH BAY  ONTARIO,3063,BASE STR SUPERCENTER,1500 FISHER ST,P1B 2H3
1500 MAIN ST,SLAVE LAKE,4,55.27270889,-114.77999878,2005-11-24 00:00:00,,1,73786,SLAVE LAKE  AB,1030,BASE STR SUPERCENTER,1500 MAIN ST,T0G 2A4
1505 BOUL FIRESTONE,JOLIETTE,26,46.03681946,-73.41000366,1994-03-16 00:00:00,(450)752   -5221,3,163628,JOLIETTE  QUEBEC,3039,BASE STR SUPERCENTER,1505 BOUL FIRESTONE,J6E 9E5
1535 HWY 7A,PORT PERRY,21,44.09453201,-78.95999908,2011-07-29 00:00:00,,4,92817,PORT PERRY.  ON,1069,BASE STR SUPERCENTER,1535 HWY 7A,L9L 1B5
155 MONTEE MASSON,MASCOUCHE,23,45.72366333,-73.61000061,1999-02-26 00:00:00,(450)474   -6010,3,146412,MASCOUCHE  QC,3149,BASE STR SUPERCENTER,155 MONTEE MASSON,J7K 3B4
1550 CAMERON ST,HAWKESBURY,22,45.59378433,-74.59999847,2012-10-12 00:00:00,,4,108160,HAWKESBURY,1159,BASE STR SUPERCENTER,1550 CAMERON ST,K6A 3S5
1555 18TH AVE E,OWEN SOUND,15,44.57346725,-80.91000366,1994-03-16 00:00:00,(519)371   -6900,2,105864,OWEN SOUND  ONTARIO,3067,BASE STR SUPERCENTER,1555 18TH AVE E,N4K 6Y3
1555 BANKS RD,KELOWNA,3,49.88876724,-119.43000031,1994-03-16 00:00:00,(250)860   -8811,1,177577,KELOWNA BRITISH COLUMBIA,3042,BASE STR SUPERCENTER,1555 BANKS RD,V1X 7Y8
156 87 AVE NW,EDMONTON,5,53.52044678,-113.58999634,2012-10-26 00:00:00,,1,73479,EDMONTON (MEADOWLARK),1149,BASE STR SUPERCENTER,156 87 AVE NW,T5R 5X1
1576 REGENT AVE W,WINNIPEG,10,49.89384842,-97.05999756,1994-03-16 00:00:00,(204)669   -3575,1,163250,E. WINNIPEG  MANITOBA,3107,BASE STR SUPERCENTER,1576 REGENT AVE W,R2C 3B4
16 MURPHY SQ,CORNER BROOK,30,48.96034241,-57.91999817,2001-03-01 00:00:00,(709)634   -2310,4,105792,CORNER BROOK NEWFOUNDLAND,3185,BASE STR WAL-MART,16 MURPHY SQ,A2H 1R4
160 QUEENSWAY E,SIMCOE,14,42.84764862,-80.29000092,2008-01-23 00:00:00,,2,107712,SIMCOE  ON,5752,BASE STR SUPERCENTER,160 QUEENSWAY E,N3Y 0A8
1600 BLVD ROYAL,SHAWINIGAN,26,46.55290604,-72.75,2004-01-29 00:00:00,,3,110035,SHAWINIGAN  QC,3647,BASE STR SUPERCENTER,1600 BLVD ROYAL,G9N 8S8
1601 MARCOLIN DR,TRAIL,3,49.08468246,-117.62000275,2004-11-25 00:00:00,,1,88033,TRAIL  BC,1011,BASE STR SUPERCENTER,1601 MARCOLIN DR,V1R 4Y1
161 ROUTE 230 OUEST,LA POCATIERE,27,47.35961151,-70.05000305,2013-01-31 00:00:00,,3,55070,LA POCATIERE,1173,BASE STR WAL-MART,161 ROUTE 230 OUEST UNIT 400,G0R 1Z0
165 N QUEEN ST,ETOBICOKE,18,43.61839676,-79.55000305,1994-03-16 00:00:00,(416)239   -7090,2,133869,ETOBICOKE  ONTARIO,3031,BASE STR SUPERCENTER,165 N QUEEN ST,M9C 1A7
1665 KENASTON BLVD,WINNIPEG,10,49.82727051,-97.19999695,1999-10-01 00:00:00,(204)488   -2052,1,152862,SW. WINNIPG MANITOBA,3177,BASE STR SUPERCENTER,1665 KENASTON BLVD,R3P 2M4
16845 HWY # 12,MIDLAND,16,44.72909546,-79.87999725,2003-01-30 00:00:00,,2,148068,MIDLAND  ONTARIO,3645,BASE STR SUPERCENTER,16845 HWY # 12,L4R 0A9
16940 127 ST NW,EDMONTON,5,53.63176727,-113.54000092,2012-01-27 00:00:00,,1,152828,EDMONTON NW ALBANY,1122,BASE STR SUPERCENTER,16940 127 ST NW,T6V 1J6
170 BROADWAY,TILLSONBURG,14,42.86149979,-80.73000336,1994-03-16 00:00:00,(519)842   -7770,2,80390,TILLSONBURG  ONTARIO /REL,3103,BASE STR SUPERCENTER,170 BROADWAY,N4G 5A8
1700 BOUL LEBOURGNEU,QUEBEC CITY,27,46.83305359,-71.30000305,1994-03-16 00:00:00,(418)623   -7339,3,161772,QUEBEC CITY  CAPITALE,3074,BASE STR SUPERCENTER,1700 BOUL LEBOURGNEUF,G2K 2M4
17000 RTE TRANSCANAD,KIRKLAND,24,45.45026016,-73.86000061,1994-03-16 00:00:00,(514)695   -3040,3,133872,KIRKLAND  QUEBEC,3044,BASE STR SUPERCENTER,17000 RTE TRANSCANADIENNE,H9J 2M5
1706 PRESTON AVE N,SASKATOON,9,52.14997101,-106.62000275,1994-03-16 00:00:00,(306)373   -2300,1,168309,SASKATOON (N),3084,BASE STR SUPERCENTER,1706 PRESTON AVE N,S7N 4Y1
175 MURPHY RD,ORILLIA,16,44.61480713,-79.44999695,1998-10-02 00:00:00,(705)325   -7403,2,166468,ORILLIA  ONTARIO,3153,BASE STR SUPERCENTER,175 MURPHY RD,L3V 0B5
175 STONE RD W,GUELPH,14,43.522995,-80.23000336,2016-08-04 00:00:00,,2,121320,GUELPH (S),1199,BASE STR SUPERCENTER,175 STONE RD W,N1G 5L4
1755 AVE DU PONT S,ALMA,26,48.5238533,-71.65000153,2003-11-13 00:00:00,,3,111584,ALMA  QC,5795,BASE STR SUPERCENTER,1755 AVE DU PONT S,G8B 7W7
1770 RUE DU SUD,COWANSVILLE,,45.18997574,-72.76000214,2004-01-29 00:00:00,,,86130,COWANSVILLE  QUEBEC,5839,BASE STR SUPERCENTER,1770 RUE DU SUD,J2K 3G8
17940 YONGE ST,NEWMARKET,16,44.06626892,-79.48999786,1994-03-16 00:00:00,(905)853   -8811,2,130059,NEWMARKET  ONTARIO,3062,BASE STR SUPERCENTER,17940 YONGE ST,L3Y 8S4
1800 22ND AVE NE,SWIFT CURRENT,9,50.30873489,-107.77999878,1994-03-16 00:00:00,(306)778   -3489,1,112901,SWIFT CURRENT SK,3099,BASE STR SUPERCENTER,1800 22ND AVE NE,S9H 0E5
1801 S RAILWAY AVE B,DRUMHELLER,8,51.45002747,-112.69000244,2006-01-26 00:00:00,,1,88401,DRUMHELLER  AB,1028,BASE STR WAL-MART,1801 S RAILWAY AVE BOX 1960,T0J 0Y0
1812 VEDDER WAY,ABBOTSFORD,2,49.034832,-122.26999664,1994-03-16 00:00:00,(604)854   -3575,1,125875,ABBOTSFORD EAST,3019,BASE STR SUPERCENTER,1812 VEDDER WAY,V2S 8K1
184 PTH 12 N,STEINBACH,10,49.54866028,-96.69000244,2013-01-25 00:00:00,,1,108506,STEINBACH,1141,BASE STR SUPERCENTER,184 PTH 12 N,R5G 0Y1
18521 STONY PLAIN RD,EDMONTON,5,53.53870392,-113.63999939,1994-03-16 00:00:00,(780)487   -8626,1,206613,W. EDMONTON  MAYFIELD COM,3027,BASE STR SUPERCENTER,18521 STONY PLAIN RD NW,T5S 2V9
1855 3E AV,VAL-D ' OR,23,48.09475708,-77.83999634,2001-08-23 00:00:00,(819)874   -8411,3,107555,VAL D'OR QUEBEC,3139,BASE STR SUPERCENTER,1855 3E AV,J9P 7A9
1870 RIVERSIDE DR RR,TIMMINS,19,48.47485352,-81.38999939,1994-03-16 00:00:00,(705)267   -6451,2,172947,TIMMINS  ONTARIO,3104,BASE STR SUPERCENTER,1870 RIVERSIDE DR RR 2,P4R 1N7
1899 BROCK RD,PICKERING,20,43.84581375,-79.06999969,2000-11-30 00:00:00,(905)619   -9588,2,128005,PICKERING  ONTARIO,3186,BASE STR SUPERCENTER,1899 BROCK RD,L1V 4H7
19 CROMER AVE,GRAND FALLS-WINDSOR,30,48.94764709,-55.65000153,1994-03-16 00:00:00,(709)489   -5739,4,66654,GRAND FALLS NEWFOUNDLAND,3036,BASE STR WAL-MART,19 CROMER AVE,A2A 1X3
1900 EGLINTON AVE E,SCARBOROUGH,18,43.72805405,-79.29000092,1998-08-28 00:00:00,(416)615   -2027,2,214685,W. SCARBOROUGH ONTARIO,3159,BASE STR SUPERCENTER,1900 EGLINTON AVE E,M1L 2L9
1900 MAJOR MACKENZIE,VAUGHAN,17,43.86001968,-79.5,2011-07-08 00:00:00,,2,132367,VAUGHAN MAPLE  ON,1115,BASE STR SUPERCENTER,1900 MAJOR MACKENZIE DR,L6A 4R9
1935 SHERBROOKE ST,MAGOG,26,45.28215408,-72.12999725,2007-08-01 00:00:00,,3,103050,MAGOG  QC,1076,BASE STR SUPERCENTER,1935 SHERBROOKE ST,J1X 2T5
1940 ARGENITA RD,MISSISSAUGA,,,,2018-07-17 00:00:00,,,,PHARMACY AB NEW,1074,BASE STR WAL-MART,1940 ARGENITA RD,L5N 1P9
1940 ARGENITA RD,MISSISSAUGA,,,,2018-07-17 00:00:00,,,,PHARMACY BC NEW,1099,BASE STR WAL-MART,1940 ARGENITA RD,L5N 1P9
1940 ARGENITA RD,MISSISSAUGA,,,,2018-07-17 00:00:00,,,,PHARMACY MB NEW,1063,BASE STR WAL-MART,1940 ARGENITA RD,L5N 1P9
1940 ARGENITA RD,MISSISSAUGA,,,,2018-07-17 00:00:00,,,,PHARMACY NB NEW,1092,BASE STR WAL-MART,1940 ARGENITA RD,L5N 1P9
1940 ARGENITA RD,MISSISSAUGA,,,,2018-07-17 00:00:00,,,,PHARMACY NL NEW,1091,BASE STR WAL-MART,1940 ARGENITA RD,L5N 1P9
1940 ARGENITA RD,MISSISSAUGA,,,,2018-07-17 00:00:00,,,,PHARMACY ON NEW,1058,BASE STR WAL-MART,1940 ARGENITA RD,L5N 1P9
1940 ARGENITA RD,MISSISSAUGA,,,,2018-07-17 00:00:00,,,,PHARMACY PEI NEW,1090,BASE STR WAL-MART,1940 ARGENITA RD,L5N 1P9
1940 ARGENITA RD,MISSISSAUGA,,,,2018-07-17 00:00:00,,,,PHARMACY SK NEW,1082,BASE STR WAL-MART,1940 ARGENITA RD,L5N 1P9
1940 ARGENITA RD,MISSISSAUGA,,,,2018-07-17 00:00:00,,,0,PHARMACY NS NEW,1098,BASE STR WAL-MART,1940 ARGENITA RD,L5N 1P9
1940 ARGENITA RD,MISSISSAUGA,,,,2018-07-17 00:00:00,,,0,PHARMACY NWT NEW,1055,BASE STR WAL-MART,1940 ARGENITA RD,L5N 1P9
1940 ARGENITA RD,MISSISSAUGA,,43.60098648,-79.73999786,2018-07-17 00:00:00,,,0,PHARMACY YK NEW,1053,BASE STR WAL-MART,1940 ARGENITA RD,L5N 1P9
1940 ARGENTIA RD,MISSISSAUGA,,43.60098648,-79.73999786,2005-09-20 00:00:00,,,2,YEAR BEGIN MEETING,5634,BASE STR SUPERCENTER,6800 MARITZ DR YBM,L5W 1W2
1942 PARKEDALE AVE,BROCKVILLE,21,44.61147308,-75.69000244,1994-03-16 00:00:00,(613)342   -9293,4,185783,BROCKVILLE  ONTARIO,3006,BASE STR SUPERCENTER,1942 PARKEDALE AVE,K6V 7N4
195 BOUL HYMUS,POINTE-CLAIRE,24,45.4615097,-73.81999969,2016-02-25 00:00:00,,3,124360,POINTE-CLAIRE,1202,BASE STR SUPERCENTER,195 BOUL HYMUS,H9R 1E9
1980 OGILVIE RD,GLOUCESTER,22,45.43252563,-75.61000061,2012-09-21 00:00:00,,4,103764,GLOUCESTER,1158,BASE STR WAL-MART,1980 OGILVIE RD,K1J 9L3
1999 BOUL ROLAND-THE,LONGUEUIL,25,45.53861618,-73.47000122,2017-09-28 00:00:00,(450)448   -2688,3,140174,LONGUEUIL  QUEBEC,3052,BASE STR SUPERCENTER,1999 BOUL ROLAND-THERRIEN,J4N 1A3
200 DOUGLASTOWN BLVD,MIRAMICHI,28,47.03859329,-65.48999786,2005-01-25 00:00:00,,4,111582,MIRAMICHI  NB,5833,BASE STR SUPERCENTER,200 DOUGLASTOWN BLVD,E1V 7T9
200 MB-10 ALT,FLIN FLON,,54.76725769,-101.83999634,2002-11-14 00:00:00,,,63143,FLIN FLON  MANITOBA,3660,BASE STR WAL-MART,200 MB-10 ALT,R8A 0C6
200 RANCH MARKET,STRATHMORE,8,51.03973389,-113.37999725,2006-01-26 00:00:00,,1,89487,STRATHMORE AB,1049,BASE STR SUPERCENTER,200 RANCH MARKET,T1P 0A8
201 RUE STRASBOURG,CANDIAC,25,45.36975098,-73.51000214,2016-01-28 00:00:00,,3,128598,CANDIAC,1203,BASE STR SUPERCENTER,201 RUE STRASBOURG,J5R 0B4
2010 50TH AVE,RED DEER,6,52.2364769,-113.81999969,2000-11-16 00:00:00,(403)358   -5842,1,159868,S. RED DEER  ALBERTA,3194,BASE STR SUPERCENTER,2010 50TH AVE,T4R 3A2
20202 66TH AVE,LANGLEY,2,49.12081146,-122.66000366,1999-11-12 00:00:00,(604)539   -5210,1,158302,LANGLEY BC,3158,BASE STR SUPERCENTER,20202 66TH AVE,V2Y 1P3
2050 BOUL MONSEIGNEU,SALABERRY-DE-VALLEY,24,45.26950836,-74.12000275,2002-01-31 00:00:00,(450)371   -5188,3,134305,VALLEYFIELD  QC,3639,BASE STR SUPERCENTER,2050 BOUL MONSEIGNEUR LANGLOIS,J6S 5R1
2051 STRACHAN RD S E,MEDICINE HAT,8,49.99350357,-110.63999939,1997-09-26 00:00:00,(403)504   -4410,1,211045,MEDICINE HAT  AB,3150,BASE STR SUPERCENTER,2051 STRACHAN RD S E,T1B 0G4
2065 FAIRVIEW ST,BURLINGTON,13,43.33776474,-79.80999756,2009-01-17 00:00:00,,2,131754,BURLINGTON  S. ONTARIO,3141,BASE STR SUPERCENTER,2065 FAIRVIEW ST,L7R 0B4
2075 BOUL CHOMEDEY,LAVAL,24,45.55993271,-73.75,1994-03-16 00:00:00,(450)681   -1126,3,160762,C. LAVAL  CENTRE LAVAL QC,3047,BASE STR SUPERCENTER,2075 BOUL CHOMEDEY,H7T 0G5
2100 WILLOWBROOK DR,CRANBROOK,3,49.52910233,-115.75,2000-11-16 00:00:00,(250)489   -3202,1,107371,CRANBROOK  BC,3183,BASE STR SUPERCENTER,2100 WILLOWBROOK DR,V1C 7H2
2150 HAWKINS ST,PORT COQUITLAM,2,49.25428772,-122.73999786,2011-07-22 00:00:00,,1,154872,PORT COQUITLAM.  BC,1112,BASE STR SUPERCENTER,2150 HAWKINS ST,V3B 0G6
2150 PRINCE OF WALES,REGINA,9,50.44425201,-104.52999878,2000-11-16 00:00:00,(306)780   -3700,1,156337,E. REGINA  SK,3179,BASE STR SUPERCENTER,2150 PRINCE OF WALES DR,S4V 3A6
2151-10153 KING GEOR,SURREY,2,49.18660355,-122.84999847,2016-02-25 00:00:00,,1,147435,SURREY (DOWNTOWN),1205,BASE STR SUPERCENTER,2151-10153 KING GEORGE BLVD,V3T 2W3
2160 BURNHAMTHORPE R,MISSISSAUGA,12,43.54396057,-79.68000031,2004-01-29 00:00:00,,2,125771,ERIN MILLS MISS. ONT,3654,BASE STR SUPERCENTER,2160 BURNHAMTHORPE RD W,L5L 5Z5
2170 LOUIE DR,WESTBANK,3,49.84117126,-119.61000061,2008-09-17 00:00:00,,1,168205,WESTBANK  BC,1093,BASE STR SUPERCENTER,2170 LOUIE DR,V4T 3E5
2190 RYMAL RD E,HANNON,13,43.17356873,-79.77999878,2006-01-26 00:00:00,,2,175112,HAMILTON SE,1042,BASE STR SUPERCENTER,2190 RYMAL RD E,L0R 1P0
22 PINEBUSH RD,CAMBRIDGE,12,43.41005325,-80.33000183,1998-10-30 00:00:00,(519)624   -7467,2,158074,CAMBRIDGE  ONTARIO,3152,BASE STR SUPERCENTER,22 PINEBUSH RD,N1R 8K5
220 CHAIN LAKE DR,HALIFAX,29,44.65484619,-63.66999817,1996-09-25 00:00:00,(902)450   -5570,4,134361,HALIFAX  NOVA SCOTIA,3138,BASE STR SUPERCENTER,220 CHAIN LAKE DR,B3S 1C5
2200-58 TH AVE,VERNON,3,50.28819656,-119.26000214,2001-10-04 00:00:00,(250)558   -0526,1,144821,VERNON  B.C.,3169,BASE STR SUPERCENTER,2200-58 TH AVE,V1T 9T2
2202 JANE ST,NORTH YORK,18,43.72177505,-79.51000214,2012-10-19 00:00:00,,2,114225,TORONTO (SHERIDAN),1151,BASE STR WAL-MART,2202 JANE ST,M3M 1A4
2210 BANK ST,OTTAWA,22,45.35563278,-75.65000153,1996-04-25 00:00:00,(613)247   -1184,4,159903,S. OTTAWA  ONTARIO,3131,BASE STR SUPERCENTER,2210 BANK ST,K1V 1J5
224 JOSEPH CASAVANT,QUEBEC CITY,27,46.87240982,-71.19999695,2001-11-15 00:00:00,(418)660   -4943,3,130675,BEAUPORT  QC,3646,BASE STR SUPERCENTER,224 JOSEPH CASAVANT AVE,G1C 7Z3
2245 ISLINGTON AVE,TORONTO,18,43.71380615,-79.55000305,2004-10-14 00:00:00,,2,126259,REXDALE  ON,3740,BASE STR SUPERCENTER,2245 ISLINGTON AVE,M9W 3W6
225 BELTS AVE,SASKATOON,9,52.12614059,-106.76000214,1994-03-16 00:00:00,(306)382   -5454,1,184377,SASKATOON WEST,3083,BASE STR SUPERCENTER,225 BETTS AVE,S7M 1L2
2277 RIVERSIDE DR,OTTAWA,22,45.38562775,-75.68000031,2016-05-05 00:00:00,,4,96456,OTTAWA (C),1200,BASE STR SUPERCENTER,2277 RIVERSIDE DR,K1H 7X6
2320 HIGHWAY 2,BOWMANVILLE,21,43.91123199,-78.72000122,2010-06-11 00:00:00,,4,154077,BOWMANVILLE  ON,1001,BASE STR SUPERCENTER,2320 HIGHWAY 2,L1C 3K7
234 HAYS BLVD,OAKVILLE,17,43.48337173,-79.72000122,1994-03-16 00:00:00,(905)257   -5740,2,200279,OAKVILLE  ONTARIO,3064,BASE STR SUPERCENTER,234 HAYS BLVD,L6H 6M4
2348 SISSONS DR,PORTAGE LA PRAIRIE,,49.97638702,-98.31999969,1994-03-16 00:00:00,(204)857   -5011,,131674,PORTAGE LA PRAIRIE  MAN.,3069,BASE STR SUPERCENTER,2348 SISSONS DR,R1N 0G5
23550 WOODBINE AVE,KESWICK,16,44.21886826,-79.44999695,2010-10-01 00:00:00,,2,151702,KESWICK,1012,BASE STR SUPERCENTER,23550 WOODBINE AVE,L4P 0E2
2355-160 ST,SURREY,2,49.04432678,-122.77999878,2008-07-30 00:00:00,,1,215942,SURREY  BC,5853,BASE STR SUPERCENTER,2355-160 ST,V3Z 9N6
2370 MCPHILLIPS ST,WINNIPEG,10,49.95779419,-97.15000153,1994-03-16 00:00:00,(204)334   -2273,1,163105,N. WINNIPEG  GARDEN CITY,3118,BASE STR SUPERCENTER,2370 MCPHILLIPS ST,R2V 4J6
239 WYE RD,SHERWOOD PARK,6,53.5110817,-113.31999969,1998-08-28 00:00:00,(780)464   -2105,1,106326,SHERWOOD PARK AB,3154,BASE STR SUPERCENTER,239 WYE RD,T8B 1N1
24 MIIKANA WAY UNIT,KENORA,19,49.76704025,-94.48999786,2005-01-25 00:00:00,,2,80805,KENORA  ON,5854,BASE STR WAL-MART,24 MIIKANA WAY UNIT # 1,P9N 4J1
240 HAMILTON RD,YORKTON,9,51.20471954,-102.44999695,1999-08-20 00:00:00,(306)782   -9820,1,138994,YORKTON  SK,3176,BASE STR SUPERCENTER,240 HAMILTON RD,S3N 4C6
2416 LONG LAKE RD,SUDBURY,16,46.4405632,-81,2010-01-22 00:00:00,,2,184590,SUDBURY SOUTH.  ON,1105,BASE STR SUPERCENTER,2416 LONG LAKE RD,P3E 0C5
2480 MEADOWVALE BLVD,MISSISSAUGA,,43.60366821,-79.76999664,2015-09-16 00:00:00,,,1,INNOVATION CENTRE,5636,BASE STR SUPERCENTER,2480 MEADOWVALE BLVD,L5N 8M6
25 PLAZA BLVD,MONCTON,28,46.11495972,-64.83000183,2002-10-03 00:00:00,,4,165310,MONCTON WEST  NB,3659,BASE STR SUPERCENTER,25 PLAZA BLVD,E1C 0G3
250 BOUL BRISEBOISE,CHATEAUGUAY,25,45.34288788,-73.76000214,2013-01-31 00:00:00,,3,130762,CHATEAUGUAY,1132,BASE STR SUPERCENTER,250 BOUL BRISEBOISE,J6K 0H5
2525 ST CLAIR AVE W,TORONTO,17,43.66805267,-79.48000336,2005-01-25 00:00:00,,2,138867,TORONTO (STOCKYARDS),1004,BASE STR SUPERCENTER,2525 ST CLAIR AVE W,M6N 4Z5
255 EAST HILLS BLVD,CALGARY,7,51.03869629,-113.91000366,2014-03-28 00:00:00,,1,131716,CALGARY EAST HILLS,1136,BASE STR SUPERCENTER,255 EAST HILLS BLVD SE,T2A 4X7
255 SILVER LINDEN DR,RICHMOND HILL,18,43.84206772,-79.41999817,2010-11-12 00:00:00,,2,129910,RICHMOND HILL SOUTH,1116,BASE STR SUPERCENTER,255 SILVER LINDEN DR,L4B 4V5
270 KINGSTON RD E R,AJAX,20,43.86510468,-79.01000214,1994-03-16 00:00:00,(905)426   -6160,2,129097,AJAX  ONTARIO,3001,BASE STR SUPERCENTER,270 KINGSTON RD E R R # 1,L1Z 1G1
2700 BOUL LAURIER,QUEBEC CITY,27,46.77067184,-71.27999878,2016-10-20 00:00:00,,3,132327,QUEBEC CITY (DOWNTOWN),1212,BASE STR SUPERCENTER,2700 BOUL LAURIER,G1V 2L8
272 MCGETTIGAN BLVD,MARYSTOWN,30,47.17747498,-55.15000153,2005-01-25 00:00:00,,4,72019,MARYSTOWN  NL,1026,BASE STR WAL-MART,272 MCGETTIGAN BLVD,A0E 2M0
274 MILLENNIUM PKY,BELLEVILLE,21,44.1959343,-77.40000153,1995-04-01 00:00:00,(613)966   -9466,4,192144,BELLEVILLE  ON,3122,BASE STR SUPERCENTER,274 MILLENNIUM PKY,K8N 4Z5
275 BLVD RIDEAU,ROUYN-NORANDA,23,48.24296188,-79.04000092,1996-10-30 00:00:00,(819)762   -2445,3,104397,ROUYN NORANDA,3136,BASE STR SUPERCENTER,275 BLVD RIDEAU,J9X 5Y6
275 GREEN AVE W,PENTICTON,3,49.46465683,-119.58999634,1994-03-16 00:00:00,(250)493   -8396,1,162842,PENTICTON  BC,3070,BASE STR SUPERCENTER,275 GREEN AVE W,V2A 7J2
285 GENEVA ST,ST CATHARINES,,43.17773819,-79.23999786,2012-10-19 00:00:00,,,76129,414.0,414,BASE STR WAL-MART,285 GENEVA ST,L2N 2G1
285 GENEVA ST,ST. CATHARINES,13,43.17773819,-79.23999786,2012-10-19 00:00:00,,2,76129,ST. CATHARINES (C),1164,BASE STR WAL-MART,285 GENEVA ST,L2N 2G1
2877 CH DE CHAMBLY,LONGUEUIL,25,45.52198029,-73.45999908,2012-10-18 00:00:00,,3,81598,LONGUEUIL (S),1167,BASE STR WAL-MART,2877 CH DE CHAMBLY,J4L 1M8
2881 MAIN ST SE,AIRDRIE,8,51.26244736,-114.01000214,2006-01-26 00:00:00,,1,214447,AIRDRIE  AB,1050,BASE STR SUPERCENTER,2881 MAIN ST SE,T4B 3G5
2901 13TH AVE,WAINWRIGHT,6,52.8418045,-110.83000183,2007-01-24 00:00:00,,1,103763,WAINWRIGHT  AB,1062,BASE STR SUPERCENTER,2901 13TH AVE,T9W 0A2
2929 BARNET HWY,COQUITLAM,2,49.27983093,-122.80000305,2016-02-25 00:00:00,,1,115965,COQUITLAM,1208,BASE STR SUPERCENTER,2929 BARNET HWY,V3B 5R5
293 BAY ST,SAULT STE.  MARIE,,46.51243973,-84.33999634,2012-10-12 00:00:00,,,67126,SAULT STE. MARIE (S),1163,BASE STR SUPERCENTER,293 BAY ST,P6A 1X3
2960 KINGSWAY DR,KITCHENER,12,43.42431641,-80.44000244,1994-03-16 00:00:00,(519)894   -6600,2,124593,KITCHENER  ONTARIO,3045,BASE STR WAL-MART,2960 KINGSWAY DR,N2C 1X1
2991 10 AVE  SW,SALMON ARM,3,50.6946373,-119.31999969,2013-11-08 00:00:00,,1,96709,SALMON ARM,1100,BASE STR SUPERCENTER,2991 10 AVE  SW,V1E 3J9
30 COVENTRY RD,BRAMPTON,17,43.74242783,-79.69999695,1998-03-27 00:00:00,(905)793   -1983,2,194400,E. BRAMPTON  ONTARIO,3135,BASE STR SUPERCENTER,30 COVENTRY RD,L6T 5P9
30 DUNHAM DR,ALLISTON,16,44.16288376,-79.81999969,2010-01-27 00:00:00,,2,151450,ALLISTON  ON,1083,BASE STR SUPERCENTER,30 DUNHAM DR,L9R 0G1
300 BOROUGH DR,SCARBOROUGH,18,43.77675629,-79.26000214,2001-07-26 00:00:00,(416)290   -1916,2,156660,C. SCARBOROUGH  ONTARIO,3635,BASE STR SUPERCENTER,300 BOROUGH DR,M1P 4P5
300 DENHAM LANDNG 36,WETASKIWIN,6,52.96436691,-113.38999939,1994-03-16 00:00:00,(403)352   -8093,1,111657,WETASKIWIN  ALBERTA,3112,BASE STR SUPERCENTER,3600 56TH ST SUITE 300,T9A 3T5
300 GUELPH ST,GEORGETOWN,12,43.64883804,-79.90000153,1994-03-16 00:00:00,(905)873   -0400,2,98478,GEORGETOWN  ONTARIO  RELO,3034,BASE STR SUPERCENTER,300 GUELPH ST,L7G 4B1
300 MYSTERY LAKE RD,THOMPSON,10,55.75519562,-97.83999634,1994-03-16 00:00:00,(204)778   -4669,1,91315,THOMPSON  MANITOBA,3102,BASE STR WAL-MART,300 MYSTERY LAKE RD,R8N 0M2
300 RUE BARKOFF,CAP-DE-LA-MADELEINE,26,46.37383652,-72.55999756,1994-03-16 00:00:00,(819)379   -2992,3,147496,CAP DE LA MADELEINE  QC,3014,BASE STR WAL-MART,300 RUE BARKOFF,G8T 2A3
3001 RICHELIEU ST,ROCKLAND,,45.53224564,-75.30999756,2007-11-07 00:00:00,,,115890,ROCKLAND  ON,1060,BASE STR SUPERCENTER,3001 RICHELIEU ST,K4K 0B5
3020 DRINKWATER RD,DUNCAN,1,48.80237198,-123.72000122,1994-03-16 00:00:00,(250)748   -2566,1,171573,DUNCAN  BC,3025,BASE STR SUPERCENTER,3020 DRINKWATER RD,V9L 6C6
3035 CLARENCE AVE S,SASKATOON,9,52.08824539,-106.63999939,2007-01-24 00:00:00,,1,194160,SASKATOON SOUTH,5878,BASE STR SUPERCENTER,3035 CLARENCE AVE S,S7T 0B6
304 ERIE ST S,LEAMINGTON,14,42.03666306,-82.59999847,1999-11-12 00:00:00,(519)326   -3900,2,103805,LEAMINGTON  ONTARIO,3164,BASE STR SUPERCENTER,304 ERIE ST S,N8H 3C5
3050 BOUL DE LA GARE,VAUDREUIL-DORION,24,45.39569855,-74.05999756,2007-01-18 00:00:00,,3,160163,VAUDREUIL  QC,1057,BASE STR SUPERCENTER,3050 BOUL DE LA GARE,J7V 0H1
3120 DOUGALL AVE,WINDSOR,14,42.27122498,-83.01000214,1994-03-16 00:00:00,(519)969   -8121,2,130349,S. WINDSOR GATEWAY PLAZA,3114,BASE STR SUPERCENTER,3120 DOUGALL AVE,N9E 1S7
3121 AVE DE GRANBY,MONTREAL,25,45.58072662,-73.54000092,2012-10-18 00:00:00,,3,87719,MONTREAL (HOCHELAGA),1168,BASE STR WAL-MART,3121 AVE DE GRANBY,H1N 2Z7
3122 MT LEHMAN RD,ABBOTSFORD,2,49.05794525,-122.37999725,2013-01-25 00:00:00,,1,153934,ABBOTSFORD W  BC,1113,BASE STR SUPERCENTER,3122 MT LEHMAN RD,V2T 0C5
313 OLD AIRPORT RD,YELLOWKNIFE,,62.44933701,-114.41000366,1994-03-16 00:00:00,(867)873   -4545,,58272,YELLOWKNIFE  NWT,3121,BASE STR WAL-MART,313 OLD AIRPORT RD,X1A 3T3
3130 RUE LAVAL,LAC-MEGANTIC,,45.59433365,-70.91000366,2005-01-25 00:00:00,,,63103,LAC-MEGANTIC  QC,1019,BASE STR WAL-MART,3130 RUE LAVAL,G6B 1A4
3132 EGLINTON AVE E,SCARBOROUGH,,43.74280167,-79.22000122,2012-01-27 00:00:00,,,94417,SCARBOROUGH SOUTH,1117,BASE STR SUPERCENTER,3132 EGLINTON AVE E,M1J 2H1
3155 ARGENTIA RD,MEADOWVALE,17,43.59674835,-79.79000092,1994-03-16 00:00:00,(905)821   -8150,2,129167,MEADOWVALE  ONTARIO,3054,BASE STR SUPERCENTER,3155 ARGENTIA RD,L5N 8E1
3195 26TH AVE N,LETHBRIDGE,8,49.72761917,-112.80000305,2007-11-07 00:00:00,,1,214477,LETHBRIDGE NORTH  AB,1078,BASE STR SUPERCENTER,3195 26TH AVE N,T1H 5P3
31956 LOUGHEED HWY,MISSION,2,49.13187027,-122.33999634,2012-07-20 00:00:00,,1,95344,MISSION,1119,BASE STR SUPERCENTER,31956 LOUGHEED HWY,V2V 0C6
3199 CLIFFE AVE,COURTENAY,1,49.66838837,-124.98000336,2001-10-04 00:00:00,(250)898   -8998,1,136664,COURTENAY  BC,3163,BASE STR SUPERCENTER,3199 CLIFFE AVE,V9N 2L9
3210 118 AVE NW,EDMONTON,,53.57152939,-113.38999939,2012-12-07 00:00:00,,,72383,EDMONTON (ABBOTTSFIELD),1147,BASE STR SUPERCENTER,3210 118 AVE NW,T5W 4W1
330 CLARKE RD,LONDON,15,43.00188446,-81.16999817,1994-03-16 00:00:00,(519)455   -8910,2,146480,E. LONDON  ARGYLE MALL,3049,BASE STR SUPERCENTER,330 CLARKE RD,N5W 6G4
335 FARMERS MARKET R,WATERLOO,12,43.50816345,-80.55000305,2009-01-17 00:00:00,,2,130615,WATERLOO  ONTARIO,3156,BASE STR SUPERCENTER,335 FARMERS MARKET RD UNIT 101,N2V 0A4
3355 JOHNSTON RD (HW,PORT ALBERNI,1,49.26811981,-124.77999878,2005-01-27 00:00:00,,1,111832,PORT ALBERNI  BC,1018,BASE STR SUPERCENTER,3355 JOHNSTON RD (HWY 4),V9Y 8K1
340 COLONNADE DR,KEMPTVILLE,21,45.02917099,-75.62999725,2011-01-28 00:00:00,,4,91147,KEMPTVILLE  ON,1047,BASE STR SUPERCENTER,340 COLONNADE DR,K0G 1J0
3400-39TH AVENUE NE,CALGARY,,51.09104919,-113.98999786,2018-10-14 00:00:00,,,1,ECOMM PFRDC CALGARY STORE,2081,BASE STR WAL-MART,3400-39TH AVENUE NE,T3J 4L2
3420 47TH AVE,SYLVAN LAKE,6,52.30535126,-114.05999756,2008-07-30 00:00:00,,1,115984,SYLVAN LAKE  AB,1102,BASE STR SUPERCENTER,3420 47TH AVE,T4S 0B6
3460 SAANICH RD,VICTORIA,1,48.45517349,-123.37000275,1994-03-16 00:00:00,(250)475   -3356,1,221085,VICTORIA B C / RELO 0400,3109,BASE STR SUPERCENTER,3460 SAANICH RD,V8Z 0B9
3487 LAWRENCE AVE E,SCARBOROUGH,,43.75815582,-79.23000336,2012-10-12 00:00:00,,,102793,SCARBOROUGH (SE),1152,BASE STR WAL-MART,3487 LAWRENCE AVE E,M1H 1B2
35 BOUL DU PLATEAU,HULL,23,45.43583298,-75.76999664,1997-10-24 00:00:00,(819)772   -1911,3,132720,HULL  QC,3143,BASE STR SUPERCENTER,35 BOUL DU PLATEAU,J9A 3G1
35 LAKEWOOD BLVD,WINNIPEG,10,49.85417557,-97.08000183,2016-01-28 00:00:00,,1,99100,WINNIPEG (SE),1204,BASE STR SUPERCENTER,35 LAKEWOOD BLVD,R2J 2M8
35 MAPLEVIEW DR W,BARRIE,16,44.33281708,-79.69000244,1994-11-22 00:00:00,(705)728   -9122,2,158906,S. BARRIE  ONTARIO,3123,BASE STR SUPERCENTER,35 MAPLEVIEW DR W,L4N 9H5
35 SAGE HILL GATE NW,CALGARY,7,51.16982269,-114.13999939,2015-01-29 00:00:00,,1,153035,CALGARY  SAGE-HILL.  AB,1097,BASE STR SUPERCENTER,35 SAGE HILL GATE NW,T3R 0S4
350 GOVERNMENT RD E,KAPUSKASING,19,49.40204239,-82.37999725,1994-03-16 00:00:00,(705)335   -6111,2,60932,KAPUSKASING  ONTARIO,3041,BASE STR WAL-MART,350 GOVERNMENT RD E,P5N 2X7
35400 HURON RD RR2,GODERICH,15,43.73006058,-81.69000244,1995-10-28 00:00:00,(519)524   -5060,2,62164,GODERICH  ON,3126,BASE STR SUPERCENTER,35400 HURON RD RR2,N7A 3X8
3585 GRANDVIEW HWY,VANCOUVER,2,49.2592392,-123.02999878,2009-01-21 00:00:00,,1,122947,VANCOUVER  BC,1104,BASE STR SUPERCENTER,3585 GRANDVIEW HWY,V5M 2G7
3600 MAJOR MACKENZIE,VAUGHAN,17,43.8483429,-79.55999756,2012-08-17 00:00:00,,2,129457,VAUGHAN NW  ON,1095,BASE STR SUPERCENTER,3600 MAJOR MACKENZIE DR W,L4H 3T6
3651 STRANDHERD DR,BARRHAVEN,22,45.27347565,-75.73999786,2001-11-15 00:00:00,(613)823   -8714,4,131722,BARRHAVEN  ONT,3638,BASE STR SUPERCENTER,3651 STRANDHERD DR,K2J 4G8
3655 PORTAGE AVE,WINNIPEG,10,49.88573456,-97.30999756,1994-03-16 00:00:00,(204)897   -3410,1,128554,W. WINNIPEG  MANITOBA,3117,BASE STR SUPERCENTER,3655 PORTAGE AVE,R3K 2G6
3700 MAYOR MAGRATH D,LETHBRIDGE,8,49.65755463,-112.80000305,1994-03-16 00:00:00,(403)328   -6277,1,192364,LETHBRIDGE  ALBERTA,3048,BASE STR SUPERCENTER,3700 MAYOR MAGRATH DR S,T1K 7T6
3757 KEELE ST,TORONTO,18,43.75788116,-79.48999786,2014-06-13 00:00:00,,2,93753,TORONTO DOWNSVIEW,1139,BASE STR SUPERCENTER,3757 KEELE ST,M3J 1N4
3800 MEMORIAL DR,CALGARY,7,51.05773544,-113.98000336,1994-03-16 00:00:00,(403)235   -2352,1,155809,E. CALGARY  MARLBOROUGH,3012,BASE STR SUPERCENTER,3800 MEMORIAL DR,T2A 2K2
3820 DE LA COTE VERT,ST-LAURENT,24,45.49192047,-73.70999908,2014-01-23 00:00:00,,3,127007,MONTREAL (ST-LAURENT),1189,BASE STR SUPERCENTER,3820 DE LA COTE VERTU BLVD,H4R 1P8
3850 SHEPPARD AVE E,SCARBOROUGH,18,43.78418732,-79.29000092,1994-03-16 00:00:00,(416)291   -4100,2,145908,AGINCOURT  ONTARIO,3000,BASE STR WAL-MART,3850 SHEPPARD AVE E,M1T 3L3
3900 INNES RD,ORLEANS,22,45.45139313,-75.51000214,1994-03-16 00:00:00,(613)837   -9399,4,206541,ORLEANS  OTTAWA,3065,BASE STR SUPERCENTER,3900 INNES RD,K1W 1K9
39210 DISCOVERY WAY,SQUAMISH,,49.72100449,-123.15000153,2006-11-22 00:00:00,,,86029,SQUAMISH  BC,1015,BASE STR WAL-MART,39210 DISCOVERY WAY,V8B 0N1
3931 CALGARY TRAIL N,EDMONTON,5,53.47535324,-113.48999786,2012-10-12 00:00:00,,1,92029,EDMONTON (SOUTH PARK),1145,BASE STR SUPERCENTER,3931 CALGARY TRAIL NW,T6J 5M8
3939 ROCHDALE BLVD,REGINA,9,50.49455261,-104.63999939,1994-03-16 00:00:00,(306)543   -3237,1,161455,N. REGINA  NORTHGATE MALL,3076,BASE STR SUPERCENTER,3939 ROCHDALE BLVD,S4X 4P7
4 JAGOE ST,ATHOLVILLE,28,47.9925499,-66.69999695,2002-11-14 00:00:00,,4,83194,ATHOLVILLE  NEW BRUNSWICK,3737,BASE STR SUPERCENTER,4 JAGOE ST,E3N 5C3
40 DEPOT DR RR7,BRACEBRIDGE,16,45.04643631,-79.29000092,2007-09-19 00:00:00,,2,115778,BRACEBRIDGE  ON,1054,BASE STR SUPERCENTER,40 DEPOT DR RR7,P1L 0A1
400 DORVAL AVE,DORVAL,24,45.44497299,-73.73999786,2012-09-12 00:00:00,,3,81652,MONTREAL (DORVAL),1140,BASE STR WAL-MART,400 DORVAL AVE,H9S 3H7
400 RUE LAVERDURE,SAINTE-AGATHE-DES-M,23,46.04344177,-74.26999664,2006-01-19 00:00:00,,3,89869,SAINTE-AGATHE-DES-MONTS,1020,BASE STR SUPERCENTER,400 RUE LAVERDURE,J8C 0A2
400 SANDWICH ST S,AMHERSTBURG,14,42.09656906,-83.11000061,2008-01-23 00:00:00,,2,115778,AMHERSTBURG  ON,1072,BASE STR SUPERCENTER,400 SANDWICH ST S,N9V 3L4
400-7000 EMERALD DR,SHERWOOD PARK,6,53.56496811,-113.29000092,2012-01-27 00:00:00,,1,130962,SHERWOOD PARK N,1123,BASE STR SUPERCENTER,400-7000 EMERALD DR,T8H 0P5
401 BOUL LABELLE,ROSEMERE,23,45.63043594,-73.81999969,1994-03-16 00:00:00,(450)435   -2982,3,135388,ROSEMERE  QUEBEC,3080,BASE STR SUPERCENTER,401 BOUL LABELLE,J7A 3T2
4050 BOUL JOSAPHAT-R,SHERBROOKE,26,45.4184227,-71.95999908,1994-03-16 00:00:00,(819)823   -8382,3,171998,SHERBROOKE  QUEBEC,3086,BASE STR SUPERCENTER,4050 BOUL JOSAPHAT-RANCOURT,J1L 3C6
4100 BALDWIN ST S,WHITBY,20,43.91781235,-78.95999908,1994-03-16 00:00:00,(905)576   -8561,2,179477,WHITBY  ONTARIO,3113,BASE STR SUPERCENTER,4100 BALDWIN ST S,L1R 3H8
4100 WESTWINDS DR,CALGARY,,51.10074615,-113.97000122,2015-10-01 00:00:00,,,,CALGARY DC,2093,BASE STR WAL-MART,4100 WESTWINDS DR,T3J 4L2
413 KENSINGTON AVE B,ESTEVAN,9,49.14432526,-102.97000122,1994-03-16 00:00:00,(306)634   -2110,1,102433,ESTEVAN  SASKATCHEWAN,3030,BASE STR SUPERCENTER,413 KENSINGTON AVE BOX 609,S4A 2A5
415 MONTEE INDUSTRIE,RIMOUSKI,27,48.46970367,-68.51999664,2001-01-25 00:00:00,(418)722   -1990,3,129358,RIMOUSKI  QUEBEC,3198,BASE STR SUPERCENTER,415 MONTEE INDUSTRIELLE-ET-COM,G5M 1Y1
42 QUEEN ST,STEPHENVILLE,30,48.54933167,-58.56999969,1994-03-16 00:00:00,(709)643   -5018,4,66654,STEPHENVILLE NEWFOUNDLAND,3095,BASE STR WAL-MART,42 QUEEN ST,A2N 3A7
420 NINTH ST W,CORNWALL,21,45.02360535,-74.73999786,1994-03-16 00:00:00,(613)933   -8366,4,154510,CORNWALL  ONTARIO,3020,BASE STR SUPERCENTER,420 NINTH ST W,K6J 0B3
420 VANSICKLE RD,ST. CATHARINES,13,43.15172577,-79.26999664,1999-08-20 00:00:00,(905)687   -9215,2,167364,W ST. CATHARINES  ONTARIO,3172,BASE STR SUPERCENTER,420 VANSICKLE RD,L2S 0C7
4210 70TH AVE,LLOYDMINSTER,4,53.27600098,-110.05000305,1999-08-20 00:00:00,(780)875   -4777,1,170350,LLOYDMINSTER AB,3168,BASE STR SUPERCENTER,4210 70TH AVE,T9V 2X3
430 CONNELL ST,WOODSTOCK,28,46.17508316,-67.59999847,2006-01-19 00:00:00,,4,88401,WOODSTOCK  NB,1043,BASE STR WAL-MART,430 CONNELL ST,E7M 5R5
4427HWY 16 W,TERRACE,1,54.51049805,-128.58000183,2004-01-29 00:00:00,,1,111687,TERRACE  BC,5834,BASE STR SUPERCENTER,4427 HWY 16 W,V8G 5L5
446 GREAT NORTHERN R,SAULT STE. MARIE,19,46.54143524,-84.31999969,2003-01-30 00:00:00,,2,143220,SAULT STE. MARIE  ONTARIO,3155,BASE STR SUPERCENTER,446 GREAT NORTHERN RD,P6B 4Z9
450 BAYFIELD ST,BARRIE,16,44.41090012,-79.70999908,1999-08-20 00:00:00,(705)728   -2833,2,158591,BARRIE NORTH ON,3166,BASE STR SUPERCENTER,450 BAYFIELD ST,L4M 5A2
450 BOUL POLIQUIN,SOREL-TRACY,26,46.02327347,-73.09999847,2012-10-18 00:00:00,,3,69671,SOREL TRACY,1174,BASE STR WAL-MART,450 BOUL POLIQUIN,J3P 7R5
450 MCNEELYAVENUE,CARLETON PLACE,,45.1336174,-76.12999725,2007-11-07 00:00:00,,,115778,CARLETON PLACE  ON,1075,BASE STR SUPERCENTER,450 MCNEELY AVE,K7C 0A6
450 TERMINAL AVE,OTTAWA,22,45.41314697,-75.65000153,2006-09-20 00:00:00,,4,169645,OTTAWA EAST  ON,1031,BASE STR SUPERCENTER,450 TERMINAL AVE,K1G 0Z3
450 WESTMORLAND RD,SAINT JOHN,28,45.30808258,-66.01999664,1994-03-16 00:00:00,(506)634   -6600,4,129139,SAINT JOHN NEW BRUNSWICK,3091,BASE STR SUPERCENTER,450 WESTMORLAND RD,E2J 4Z2
4500 64 ST,TABER,8,49.78278351,-112.12999725,2006-01-23 00:00:00,,1,69023,TABER  AB,1046,BASE STR WAL-MART,4500 64 ST,T1G 0A4
4500 GORDON RD,REGINA,9,50.40820694,-104.65000153,1994-03-16 00:00:00,(306)584   -0061,1,182847,S. REGINA,3077,BASE STR SUPERCENTER,4500 GORDON RD,S4W 0B7
4515 DUNDAS ST,BURLINGTON,13,43.40692139,-79.80999756,2004-01-29 00:00:00,,2,161742,BURLINGTON N.  ONTARIO,3170,BASE STR SUPERCENTER,4515 DUNDAS ST,L7M 5B4
4520 BOUL DES RECOLL,TROIS- RIVIERES,26,46.32528687,-72.56999969,1994-03-16 00:00:00,(819)372   -1181,3,164968,TROIS RIVERES  QUEBEC,3108,BASE STR SUPERCENTER,4520 BOUL DES RECOLLETS,G9A 4N2
46 ROBERT ANGUS DR,AMHERST,28,45.81653595,-64.19999695,2003-10-02 00:00:00,,4,111655,AMHERST  NS,5789,BASE STR SUPERCENTER,46 ROBERT ANGUS DR,B4H 4R7
47 PAINT ST UNIT 17,PORT HAWKESBURY,29,45.61663437,-61.33000183,1994-03-16 00:00:00,(902)625   -0954,4,63720,PORT HAWKESBURY  NS,3068,BASE STR WAL-MART,47 PAINT ST UNIT 17,B9A 3J9
470 2ND DUG HILL RD,TRENTON,21,44.09453583,-77.59999847,1999-10-01 00:00:00,(613)394   -2191,4,136675,TRENTON ON,3178,BASE STR SUPERCENTER,470 2ND DUG HILL RD,K8V 5P7
470 TOPSAIL RD,ST. JOHN'S,30,47.53330994,-52.75,2012-11-09 00:00:00,,4,89935,ST. JOHN'S SOUTH,1179,BASE STR WAL-MART,470 TOPSAIL RD,A1E 2C3
4700 KINGSWAY,BURNABY,2,49.22641373,-123,2018-10-11 00:00:00,,1,118576,BURNABY SW,1213,BASE STR SUPERCENTER,4700 KINGSWAY,V5H 4M1
4702 43RD AVE,COLD LAKE,4,54.40852356,-110.19999695,2001-10-04 00:00:00,(780)840   -2340,1,148788,COLD LAKE  ALBERTA,3640,BASE STR SUPERCENTER,4702 43RD AVE,T9M 1M9
4705 130 AVE SE,CALGARY,7,50.92924118,-113.97000122,2002-11-14 00:00:00,,1,158608,CALGARY SOUTHEAST  AB,3650,BASE STR SUPERCENTER,4705 130 AVE SE,T2Z 4J2
4721 70 ST,STETTLER,6,52.32332993,-112.73999786,2004-09-23 00:00:00,,1,78409,STETTLER  ALBERTA,1034,BASE STR SUPERCENTER,4721 70 ST,T0C 2L2
477 PAUL ST,DIEPPE,28,46.09875488,-64.76000214,1994-03-16 00:00:00,(506)857   -2500,4,151126,MONCTON NEW BRUNSWICK,3056,BASE STR SUPERCENTER,477 PAUL ST,E1A 5B2
480 AV BETHANY,LACHUTE,23,45.63798904,-74.33000183,1995-08-12 00:00:00,(450)562   -0255,3,78935,LACHUTE QUEBEC,3132,BASE STR SUPERCENTER,480 AV BETHANY,J8H 4H5
492 HWY 303 POST BOX,DIGBY,29,44.62152863,-65.76000214,2005-01-27 00:00:00,,4,71941,DIGBY  NS,1017,BASE STR WAL-MART,492 HWY 303 POST BOX 2140,B0V 1A0
494 CH MADAWASKA,GRAND FALLS,28,47.06032944,-67.75,2004-11-12 00:00:00,,4,84975,GRAND FALLS  NB,1013,BASE STR WAL-MART,494 CH MADAWASKA,E3Y 1A3
499 MOHAWK RD E,HAMILTON,13,43.22226334,-79.84999847,2012-10-12 00:00:00,,2,95302,HAMILTON (COUNTY FAIR),1154,BASE STR WAL-MART,499 MOHAWK RD E,L8V 4L7
499 NORWICH AVE,WOODSTOCK,14,43.11548233,-80.73000336,1994-03-16 00:00:00,(519)539   -5120,2,172819,WOODSTOCK  ONTARIO,3120,BASE STR SUPERCENTER,499 NORWICH AVE,N4S 9A2
50 QUARRY EDGE DR,BRAMPTON,17,43.7051506,-79.77999878,1995-11-11 00:00:00,(905)874   -0112,2,152282,N. BRAMPTON  ONTARIO,3130,BASE STR SUPERCENTER,50 QUARRY EDGE DR,L6V 4K2
500 2ND AVE W,PRINCE RUPERT,,54.31321716,-130.33000183,2012-10-19 00:00:00,,,49180,PRINCE RUPERT,1143,BASE STR WAL-MART,500 2ND AVE W,V8J 3T6
500 COPPER CREEK DR,MARKHAM,,43.87147903,-79.22000122,2010-09-17 00:00:00,,,154172,MARKHAM EAST,1109,BASE STR SUPERCENTER,500 COPPER CREEK DR,L6B 0S1
500 EARL GREY DR,KANATA,22,45.31125641,-75.91000366,1996-03-29 00:00:00,(613)599   -6765,4,135035,KANATA ONTARIO,3134,BASE STR WAL-MART,500 EARL GREY DR,K2T 1B6
500 VANIER AVE,LABRADOR CITY,,52.94801331,-66.93000031,2005-01-27 00:00:00,,,68375,LABRADOR CITY  NL,1035,BASE STR WAL-MART,500 VANIER AVE,A2V 2W7
500 VOIE DE LA DESSE,SAINT-CONSTANT,25,45.38972855,-73.58999634,2002-01-31 00:00:00,(450)632   -2192,3,158687,ST. CONSTANTS  QUEBEC,3642,BASE STR SUPERCENTER,500 VOIE DE LA DESSERTE DE LA,J5A 2S5
5000 HWY 7,MARKHAM,20,43.86820602,-79.29000092,1994-03-16 00:00:00,(905)477   -6060,2,125223,MARKHAM  ONTARIO,3053,BASE STR SUPERCENTER,5000 HWY 7,L3R 4M9
500-201 SOUTHRIDGE D,OKOTOKS,8,50.70566559,-113.97000122,2002-11-14 00:00:00,,1,163535,OKOTOKS  AB,5708,BASE STR SUPERCENTER,500-201 SOUTHRIDGE DR,T1S 2C8
5004 98 AVE NW,EDMONTON,5,53.53900528,-113.41999817,1994-03-16 00:00:00,(780)466   -2002,1,142643,E. EDMONTON  CAPILANO S.C,3026,BASE STR SUPERCENTER,5004 98 AVE NW,T6A 0A1
5005 DAHL DR P O BOX,WHITECOURT,4,54.14072418,-115.66999817,2004-11-12 00:00:00,,1,104000,WHITECOURT  AB,1009,BASE STR SUPERCENTER,5005 DAHL DR P O BOX 1947,T7S 1P6
5005 NORTHLAND DR N,CALGARY,7,51.0969696,-114.13999939,1994-03-16 00:00:00,(403)247   -8585,1,147461,NW. CALGARY  NORTHLAND,3011,BASE STR WAL-MART,5005 NORTHLAND DR N W,T2L 2K1
5085 MAYFIELD RD,BRAMPTON,17,43.77288818,-79.77999878,2014-01-24 00:00:00,,2,154517,BRAMPTON NE,1120,BASE STR SUPERCENTER,5085 MAYFIELD RD,L6R 3S9
51 DE LA GAPPE BLVD,GATINEAU,23,45.46479797,-75.72000122,2008-01-23 00:00:00,,3,158778,GATINEAU WEST  QC,1086,BASE STR SUPERCENTER,51 DE LA GAPPE BLVD,J8T 0B5
510 CENTENNIAL PKWY,HAMILTON,13,43.2415657,-79.75,1994-03-16 00:00:00,(905)561   -7600,2,189306,STONEY CREEK  ONTARIO / R,3096,BASE STR SUPERCENTER,510 CENTENNIAL PKWY N,L8E 0G2
5100 ERIN MILLS PKY,MISSISSAUGA,17,43.55841064,-79.70999908,2016-12-08 00:00:00,,2,144344,MISSISSAUGA (W),1211,BASE STR SUPERCENTER,5100 ERIN MILLS PKY,L5M 4Z5
511 GRANVILLE ST,SUMMERSIDE,28,46.41786575,-63.77999878,2001-11-15 00:00:00,(902)432   -3570,4,83712,SUMMERSIDE  PEI,3644,BASE STR SUPERCENTER,511 GRANVILLE ST,C1N 5J4
5122 ON-21,PORT ELGIN,15,44.42222977,-81.40000153,2009-01-17 00:00:00,,2,115980,PORT ELGIN  ON,1059,BASE STR SUPERCENTER,5122 ON-21,N0H 2C0
5143 CANOE PASS WAY,TSAWWASSEN,2,49.04139709,-123.08000183,2017-01-26 00:00:00,,1,107530,TSAWWASSEN,1181,BASE STR SUPERCENTER,5143 CANOE PASS WAY,V4M 0B2
5205 BLVD ROBERT BOU,LAVAL,23,45.60973358,-73.69999695,2005-11-10 00:00:00,,3,164133,LAVAL  QC,1032,BASE STR SUPERCENTER,5205 BLVD ROBERT BOURASSA,H7E 0A3
5217 POWER CENTRE BL,DRAYTON VALLEY,6,53.22539902,-114.98999786,2005-01-27 00:00:00,,1,78478,DRAYTON VALLEY  AB,1008,BASE STR SUPERCENTER,5217 POWER CENTRE BLVD,T7A 0A5
525 WELLAND AVE,ST. CATHARINES,13,43.17617035,-79.20999908,1994-03-16 00:00:00,(905)685   -4100,2,145866,E ST. CATHARINES  LINCOLN,3088,BASE STR SUPERCENTER,525 WELLAND AVE,L2M 6P3
5302 DISCOVERY WAY,LEDUC,4,53.26854706,-113.56999969,2002-08-22 00:00:00,,1,159990,LEDUC  ALBERTA,3657,BASE STR SUPERCENTER,5302 DISCOVERY WAY,T9E 8J7
5357 FERNBANK RD,STITTSVILLE,22,45.27471542,-75.87000275,2012-08-17 00:00:00,,4,156753,KANATA SOUTH,1118,BASE STR SUPERCENTER,5357 FERNBANK RD,K2S 0T7
5400 RUE JEAN-TALON,MONTREAL,24,45.49192429,-73.65000153,1999-10-01 00:00:00,(514)735   -5295,3,128273,COTE-ST-LUC QC,3165,BASE STR WAL-MART,5400 RUE JEAN-TALON O,H4P 2T5
545 HOLLAND STREED W,BRADFORD,16,44.10690689,-79.59999847,2009-01-17 00:00:00,,2,169164,BRADFORD ON,1101,BASE STR SUPERCENTER,545 HOLLAND ST W,L3Z 0C1
55 ROE AVE P O BOX 4,GANDER,30,48.96117401,-54.59999847,1994-03-16 00:00:00,(709)256   -7581,4,88401,GANDER  NEWFOUNDLAND,3033,BASE STR WAL-MART,55 ROE AVE P O BOX 448,A1V 1W8
550 BOUL WILFRID-HAM,QUEBEC CITY,27,46.82435226,-71.25,2016-01-28 00:00:00,,3,116371,QUEBEC CITY (E),1201,BASE STR SUPERCENTER,550 BOUL WILFRID-HAMEL,G1M 2S6
551 THATCHER DR E,MOOSE JAW,9,50.41068649,-105.51999664,1999-09-03 00:00:00,(306)693   -3218,1,106632,MOOSE JAW  SK,3173,BASE STR SUPERCENTER,551 THATCHER DR E,S6J 1L8
5566 TRAPP AVE,BURNABY,,49.19021606,-122.97000122,2018-08-27 00:00:00,,,74000,FOOD - X VANCOUVER,2101,BASE STR SUPERCENTER,5566 TRAPP AVE,V3N 5G4
5750 2ND AVE,EDSON,4,53.57762146,-116.44999695,2006-01-31 00:00:00,,1,75394,EDSON AB,1048,BASE STR SUPERCENTER,5750 2ND AVE,T7E 0A1
5950 RUE MARTINEAU,SAINT-HYACINTHE,25,45.64088058,-72.98000336,1996-02-29 00:00:00,(450)796   -4001,3,104150,STE HYACINTHE,3137,BASE STR SUPERCENTER,5950 RUE MARTINEAU,J2R 2H6
5995 STEELES AVE E,SCARBOROUGH,,,,2009-01-17 00:00:00,,,212666,PRODUCT LICENSEE,5635,BASE STR SUPERCENTER,5995 STEELES AVE E,M1V 5P7
5995 STEELES AVE E,SCARBOROUGH,18,43.8333931,-79.26000214,2009-01-17 00:00:00,,2,212666,SCARBOROUGH  ON,1080,BASE STR SUPERCENTER,5995 STEELES AVE E,M1V 5P7
6 WELWOOD DR,UXBRIDGE,,44.08791351,-79.12999725,2003-01-30 00:00:00,,,78114,UXBRIDGE  ONTARIO,3653,BASE STR WAL-MART,6 WELWOOD DR,L9P 1Z7
60 MCNAUGHTON AVE UN,WALLACEBURG,14,42.58546448,-82.37999725,2007-11-07 00:00:00,,2,102617,WALLACEBURG  ON,1064,BASE STR SUPERCENTER,60 MCNAUGHTON AVE UNIT # 16,N8A 1R9
60 MERCHANT DR,MOUNT PEARL,30,47.5022583,-52.81000137,1994-03-16 00:00:00,(709)364   -4214,4,129121,MOUNT PEARL  NL,3093,BASE STR SUPERCENTER,60 MERCHANT DR,A1N 5J5
60 PINE GROVE RD,BRIDGEWATER,29,44.40142441,-64.52999878,2005-01-25 00:00:00,,4,86104,BRIDGEWATER  NS,1003,BASE STR SUPERCENTER,60 PINE GROVE RD,B4V 4H2
600 MITCHELL RD S,LISTOWEL,15,43.73057556,-80.97000122,2012-10-26 00:00:00,,2,83845,LISTOWEL,1160,BASE STR WAL-MART,600 MITCHELL RD S,N4W 3T1
601 CARLTON TRAIL,NORTH BATTLEFORD,9,52.76441956,-108.26999664,1994-03-16 00:00:00,(306)445   -8105,1,138296,N BATTLEFORD  SK,3058,BASE STR SUPERCENTER,601 CARLTON TRAIL,S9A 4A9
610 SIXTH ST,NEW WESTMINSTER,2,49.21255112,-122.91999817,2015-11-12 00:00:00,,1,111453,NEW WESTMINSTER(C),1192,BASE STR SUPERCENTER,610 SIXTH ST,V3L 3C2
6110 CURRENTS DR NW,EDMONTON,5,53.43875504,-113.59999847,2009-01-21 00:00:00,,1,211450,EDMONTON  AB,1094,BASE STR SUPERCENTER,6110 CURRENTS DR NW,T6W 0L7
6115 EDWARDS BLVD,MISSISSAUGA,,43.63725281,-79.68000031,2011-06-02 00:00:00,,,,ECOMM 3PL - 2092,2092,BASE STR WAL-MART,6115 EDWARDS BLVD,L5T 2W7
6140 BOUL HENRI-BOUR,MONTREAL-NORD,24,45.60557938,-73.61000061,2002-08-22 00:00:00,,3,130467,MONTREAL NORTH  QUEBEC,3656,BASE STR SUPERCENTER,6140 BOUL HENRI-BOURASSA E,H1G 5X3
6175 EDWARDS BLVD UN,MISSISSAUGA,,43.63562012,-79.68000031,2011-06-02 00:00:00,,,1,ECOMMERCE 3PL ONT,2090,BASE STR WAL-MART,6175 EDWARDS BLVD UNIT 1,L5T 2W7
621 FAIRVILLE BLVD,SAINT JOHN,28,45.25348282,-66.08999634,2012-10-12 00:00:00,,4,105710,SAINT JOHN (W),1175,BASE STR WAL-MART,621 FAIRVILLE BLVD,E2M 4X5
630 BOUL LAFLECHE,BAIE-COMEAU,27,49.2011528,-68.26000214,1994-03-16 00:00:00,(418)589   -9971,3,126052,BAIE COMEAU  QUEBEC,3002,BASE STR WAL-MART,630 BOUL LAFLECHE,G5C 2Y3
6375 50TH AVE,RED DEER,6,52.28667068,-113.80999756,1994-03-16 00:00:00,(403)346   -6650,1,138130,N RED DEER  PARKLAND MALL,3075,BASE STR SUPERCENTER,6375 50TH AVE,T4N 4C7
640 BLVD MALONEY W,GATINEAU,23,45.48357391,-75.62999725,1995-02-04 00:00:00,(819)246   -8808,3,127854,GATINEAU  QC,3125,BASE STR SUPERCENTER,640 BLVD MALONEY W,J8T 8K7
65 KELTIC DR,SYDNEY,29,46.10951233,-60.22999954,1994-03-16 00:00:00,(902)562   -3353,4,165755,SYDNEY NOVA SCOTIA,3100,BASE STR SUPERCENTER,65 KELTIC DR,B1S 1P4
6565 SOUTHRIDGE AVE,PRINCE GEORGE,3,53.86357498,-122.79000092,2002-11-14 00:00:00,,1,162945,PRINCE GEORGE BC,3651,BASE STR SUPERCENTER,6565 SOUTHRIDGE AVE,V2N 6Z4
6660 MILLCREEK RD,MISSISSAUGA,,43.59291458,-79.75,2017-07-14 00:00:00,,,,ECOM APPAREL FC,2094,BASE STR WAL-MART,6660 MILLCREEK RD,L5N 8B3
6700 CH DE LA COTE-D,MONTREAL,24,45.47672272,-73.87000275,2012-10-18 00:00:00,,3,77872,MONTREAL (COTE-DES-NEIGES,1170,BASE STR SUPERCENTER,6700 CH DE LA COTE-DES-NEIGES,H3S 2B2
675 UPPER JAMES ST,HAMILTON,13,43.23419571,-79.87999725,1994-03-16 00:00:00,(905)389   -6333,2,124999,HAMILTON  ONT/RELO 0401,3037,BASE STR SUPERCENTER,675 UPPER JAMES ST,L9C 2Z5
6797 BLVD NEWMAN,LA SALLE,24,45.45227814,-73.61000061,1994-03-16 00:00:00,(514)368   -2248,3,147827,LASALLE  QUEBEC,3046,BASE STR SUPERCENTER,6797 BLVD NEWMAN,H8N 3E4
680 LAVAL DR,OSHAWA,20,43.87614822,-78.87999725,2008-01-17 00:00:00,,2,212146,OSHAWA SOUTH  ON,1056,BASE STR SUPERCENTER,680 LAVAL DR,L1J 0B5
6800 48TH AVE,CAMROSE,6,53.01943588,-112.86000061,2000-08-24 00:00:00,(780)608   -1211,1,155577,CAMROSE  AB,3181,BASE STR SUPERCENTER,6800 48TH AVE,T4V 4T1
6800 MARITZ DRIVE,MISSISSAUGA,,43.63754272,-79.69999695,2018-08-06 00:00:00,,,1,ECOMM PFRDC MISSISSAUGA S,2080,BASE STR WAL-MART,6800 MARITZ DRIVE,L5W 1W2
6801 ISLAND HWY N,NANAIMO,1,49.23757553,-124.05000305,1994-03-16 00:00:00,(250)390   -0213,1,153173,NANAIMO  BRITISH COLUMBIA,3059,BASE STR SUPERCENTER,6801 ISLAND HWY N,V9T 6N8
6809 HWY 16A W,VEGREVILLE,4,53.50337219,-112.08000183,2007-01-24 00:00:00,,1,103763,VEGRVILLE  AB,1071,BASE STR SUPERCENTER,6809 HWY 16A W,T9C 0A2
6990 MUMFORD RD,HALIFAX,29,44.64604187,-63.61999893,2001-10-04 00:00:00,(902)454   -7990,4,144427,HALIFAX CENTRE  NS,3636,BASE STR SUPERCENTER,6990 MUMFORD RD,B3L 4W4
70 BRIDGEPORT RD E,WATERLOO,12,43.47033691,-80.51999664,2012-10-19 00:00:00,,2,105728,WATERLOO CENTRE,1156,BASE STR SUPERCENTER,70 BRIDGEPORT RD E,N2J 2J9
700 AUTOROUTE CHOMED,LAVAL,23,45.52623749,-73.79000092,2000-08-24 00:00:00,(450)969   -3226,3,156079,W. LAVAL  QUEBEC,3189,BASE STR SUPERCENTER,700 AUTOROUTE CHOMEDEY OUEST,H7X 3S9
700 CENTRE ST,THORNHILL,20,43.81132507,-79.44999695,2007-11-07 00:00:00,,2,135975,THORNHILL  ON,5831,BASE STR SUPERCENTER,700 CENTRE ST,L4J 0A7
700 RUE DE LA CONCOR,SAINT-ROMUALD,27,46.72728729,-71.27999878,2006-01-19 00:00:00,,3,112673,ST. ROMUALD  QC,1045,BASE STR SUPERCENTER,700 RUE DE LA CONCORDE,G6W 8A8
700 ST ALBERT TRAIL,ST. ALBERT,4,53.65992355,-113.62999725,1994-03-16 00:00:00,(780)458   -1629,1,199973,ST ALBERT  ALBERTA,3087,BASE STR SUPERCENTER,700 ST ALBERT TRAIL,T8N 7A5
710 11TH AVE E POST,KINDERSLEY,9,51.47273636,-109.13999939,2007-01-24 00:00:00,,1,79231,KINDERSLEY  SK,1065,BASE STR WAL-MART,710 11TH AVE E POST BOX 1296,S0L 1S0
7100 ALBERNI ST,POWELL RIVER,1,49.84400177,-124.51999664,1994-03-16 00:00:00,(604)485   -9811,1,51827,POWELL RIVER  BC,3072,BASE STR WAL-MART,7100 ALBERNI ST,V8A 5K9
7100 TECUMSEH RD,WINDSOR,14,42.31454468,-82.94000244,1994-03-16 00:00:00,(519)945   -3065,2,190697,E. WINDSOR EASTOWN S.C.,3115,BASE STR SUPERCENTER,7100 TECUMSEH RD E,N8T 1E6
713 WESTVILLE RD,NEW GLASGOW,29,45.58024597,-62.66999817,1994-03-16 00:00:00,(902)928   -0008,4,131673,NEW GLASGOW NOVA SCOTIA,3061,BASE STR SUPERCENTER,713 WESTVILLE RD,B2H 2J6
7155 120 ST,DELTA,2,49.13287354,-122.88999939,2016-02-25 00:00:00,,1,114686,SURREY (SW),1207,BASE STR SUPERCENTER,7155 120 ST,V4E 2B1
73 STRATHY RD,COBOURG,21,43.97571182,-78.19999695,2002-08-22 00:00:00,,4,143892,COBURG  ONTARIO,3133,BASE STR SUPERCENTER,73 STRATHY RD,K9A 5W8
7333 GOREWAY DR,MALTON,17,43.7211647,-79.63999939,2013-05-31 00:00:00,,2,95444,MALTON  ON,1137,BASE STR SUPERCENTER,7333 GOREWAY DR,L4T 2T8
7445 BOUL LANGELIER,SAINT-LEONARD,24,45.59257507,-73.56999969,1994-03-16 00:00:00,(514)899   -1889,3,151491,ST LEONARD  QUEBEC,3094,BASE STR SUPERCENTER,7445 BOUL LANGELIER,H1S 1V6
7481 OAKWOOD DR,NIAGARA FALLS,13,43.06718445,-79.12000275,1998-10-01 00:00:00,(905)371   -3999,2,184771,NIAGARA FALLS  ONTARIO /,3160,BASE STR SUPERCENTER,7481 OAKWOOD DR,L2G 0J5
75 KELSEY DR,ST. JOHN'S,30,47.55364227,-52.77999878,1994-03-16 00:00:00,(709)722   -5094,4,133555,C. ST. JOHN'S  NL,3092,BASE STR SUPERCENTER,75 KELSEY DR,A1B 0C7
75 SIMONDS ST N,GRANBY,25,45.41684723,-72.75,1994-03-16 00:00:00,(450)777   -8863,3,130425,GRANBY  QUEBEC,3035,BASE STR SUPERCENTER,75 SIMONDS ST N,J2J 2S3
750 107E RUE,SAINT- GEORGES,26,46.12847519,-70.68000031,2006-01-19 00:00:00,,3,110566,ST. GEORGES-DE-BEAUCE  QC,1040,BASE STR SUPERCENTER,750 107E RUE,G5Y 0A1
750 GARRISON RD,FORT ERIE,13,42.90623856,-78.94000244,2003-01-30 00:00:00,,2,109716,FORT ERIE  ON,3649,BASE STR SUPERCENTER,750 GARRISON RD,L2A 1N7
7600 BOUL VIAU,SAINT-LEONARD,24,45.57485199,-73.58999634,2014-01-23 00:00:00,,3,98656,ST-LEONARD (W),1183,BASE STR SUPERCENTER,7600 BOUL VIAU,H1S 2P3
764 ARTHUR SAUVE BOU,SAINT-EUSTACHE,23,45.57831955,-73.91999817,1994-03-16 00:00:00,(450)491   -6922,3,133585,ST EUSTACHE  QUEBEC,3089,BASE STR SUPERCENTER,764 ARTHUR SAUVE BOUL,J7R 4K3
775 TAMARACK WAY NW,EDMONTON,5,53.4791069,-113.36000061,2015-01-29 00:00:00,,1,133080,EDMONTON SE,1138,BASE STR SUPERCENTER,775 TAMARACK WAY NW,T6T 0X2
777 MEMORIAL AVE,THUNDER BAY,19,48.41284943,-89.23999786,1995-04-01 00:00:00,(807)346   -9441,2,167688,THUNDER BAY  ON,3124,BASE STR SUPERCENTER,777 MEMORIAL AVE,P7B 3Z7
7979-11 ST SE,CALGARY,7,50.9841423,-114.05000305,2010-01-22 00:00:00,,1,184273,CALGARY DEERFOOT  AB,1089,BASE STR SUPERCENTER,7979-11 ST SE,T2H 0B8
799 MILNER AVE,SCARBOROUGH,18,43.79769516,-79.19999695,1994-03-16 00:00:00,(416)281   -2929,2,182524,SCARBOROUGH EAST,3111,BASE STR SUPERCENTER,799 MILNER AVE,M1B 3C3
80 BUCHANAN DR,CHARLOTTETOWN,28,46.26192093,-63.15000153,1999-06-25 00:00:00,(902)628   -4600,4,128417,CHARLOTTETOWN PEI,3162,BASE STR SUPERCENTER,80 BUCHANAN DR,C1E 2E5
80 ENTERPRISE RD,TORONTO,,43.69761658,-79.56999969,2018-10-20 00:00:00,,,6060,ECOMMERCE PHARMACY CUSTOM,1198,BASE STR SUPERCENTER,80 ENTERPRISE RD,M9W 4V6
80 ENTREPRISE RD,TORONTO,,43.69761658,-79.56999969,2015-01-19 00:00:00,,,1,ECOMMERCE 3PL GROCERY ONT,2091,BASE STR WAL-MART,80 ENTREPRISE RD,M9W 4V6
80 MAIN ST,SUSSEX,28,45.72597122,-65.52999878,2007-01-18 00:00:00,,4,69023,SUSSEX  NB,1052,BASE STR WAL-MART,80 MAIN ST,E4E 1Y6
80 SYDNEY PORT ACCES,SYDNEY,29,46.15139389,-60.15000153,1994-03-16 00:00:00,(902)562   -1110,4,166505,SYDNEY NOVA SCOTIA,3101,BASE STR SUPERCENTER,80 SYDNEY PORT ACCESS RD,B1P 7H9
800 15 ST E,PRINCE ALBERT,9,53.20013046,-105.73000336,1994-03-16 00:00:00,(306)764   -9770,1,159041,PRINCE ALBERT  SK,3073,BASE STR SUPERCENTER,800 15 ST E,S6V 8E3
800 MATHESON BLVD W,MISSISSAUGA,17,43.60691833,-79.69000244,2008-06-11 00:00:00,,2,214998,HEARTLAND  MISSISSAUGA ON,1061,BASE STR SUPERCENTER,800 MATHESON BLVD W,L5V 2N6
801 ST DAVID ST N,FERGUS,12,43.71188354,-80.38999939,2012-11-16 00:00:00,,2,95599,FERGUS,1130,BASE STR SUPERCENTER,801 ST DAVID ST N,N1M 2L1
805 BOYD ST,NEW WESTMINSTER,2,49.19205856,-122.94999695,2003-11-13 00:00:00,,1,159300,NEW WESTMINSTER  BC,5777,BASE STR SUPERCENTER,805 BOYD ST,V3M 5X2
805 VICTORIA ST,EDMUNDSTON,27,47.39531708,-68.33999634,2004-11-12 00:00:00,,3,111889,EDMUNDSTON  NB,1033,BASE STR SUPERCENTER,805 VICTORIA ST,E3V 3T3
8249 EAGLE LANDNG PK,CHILLIWACK,2,49.15155029,-121.98000336,1998-11-27 00:00:00,(604)858   -5100,1,150797,CHILLIWACK  BC,3167,BASE STR SUPERCENTER,8249 EAGLE LANDNG PKWY,V2R 0P9
8300 HWY 27,WOODBRIDGE,17,43.7864418,-79.62999725,2009-01-17 00:00:00,,2,213329,VAUGHAN (W)  ON,1081,BASE STR SUPERCENTER,8300 HWY 27,L4H 0R9
860 LANGFORD PKWY,LANGFORD,1,48.44381332,-123.51000214,2001-11-15 00:00:00,(250)391   -0224,1,112307,LANGFORD  BC,3188,BASE STR SUPERCENTER,860 LANGFORD PKWY,V9B 2P3
881 ST CLAIR ST,CHATHAM,14,42.43393707,-82.22000122,1994-03-16 00:00:00,(519)352   -1142,2,195417,CHATHAM  ONTARIO,3016,BASE STR SUPERCENTER,881 ST CLAIR ST,N7L 0E9
8888 COUNTRY HILLS B,CALGARY,7,51.15364838,-114.20999908,2003-10-02 00:00:00,,1,132249,CALGARY  ALBERTA,5726,BASE STR SUPERCENTER,8888 COUNTRY HILLS BLVD NW,T3G 5T4
89 JIM KIMMETT BLVD,NAPANEE,21,44.26089859,-76.97000122,2006-01-19 00:00:00,,4,89736,NAPANEE  ON,1041,BASE STR SUPERCENTER,89 JIM KIMMETT BLVD,K7R 3L1
890 RITA RD,QUESNEL,3,52.96671677,-122.44000244,2001-10-04 00:00:00,(250)747   -4464,1,84147,QUESNEL  B.C.,3199,BASE STR SUPERCENTER,890 RITA RD,V2J 7J3
90 ABERDEEN AVE,ST. JOHN'S,30,47.61820984,-52.72000122,2001-03-22 00:00:00,(709)738   -4350,4,128291,E. ST. JOHN'S  NL,3196,BASE STR SUPERCENTER,90 ABERDEEN AVE,A1A 5N6
90 CAMPSITE RD,SPRUCE GROVE,4,53.53978348,-113.93000031,2001-11-15 00:00:00,(780)962   -9002,1,137266,SPRUCE GROVE  AB,3637,BASE STR SUPERCENTER,90 CAMPSITE RD,T7X 4H4
90 DUNDAS ST E,WATERDOWN,13,43.31561279,-79.91000366,2009-09-23 00:00:00,,2,151471,DUNDAS  ONTARIO,1107,BASE STR SUPERCENTER,90 DUNDAS ST E,L9H 0C2
90 LAMONT TERR,DARTMOUTH,29,44.69779205,-63.56999969,1994-03-16 00:00:00,(902)461   -4474,4,171659,DARTMOUTH NOVA SCOTIA,3021,BASE STR SUPERCENTER,90 LAMONT TERR,B3B 0B5
900 COLE HARBOUR RD,DARTMOUTH,29,44.67024231,-63.5,2012-10-31 00:00:00,,4,68725,DARTMOUTH SOUTH,1176,BASE STR WAL-MART,900 COLE HARBOUR RD,B2V 2J5
900 DUFFERIN ST,TORONTO,17,43.65538788,-79.44000244,1994-03-16 00:00:00,(416)537   -2561,2,143211,TORONTO (DUFFERIN MALL),3106,BASE STR SUPERCENTER,900 DUFFERIN ST,M6H 4A9
900 ST ANNE ST,BATHURST,28,47.62754059,-65.68000031,1994-03-16 00:00:00,(506)546   -0500,4,111966,BATHURST,3003,BASE STR SUPERCENTER,900 ST ANNE ST,E2A 6X2
9000 BLVD LEDUC,BROSSARD,25,45.44885254,-73.44000244,1994-03-16 00:00:00,(450)672   -5000,3,157475,BROSSARD  QUEBEC,3007,BASE STR SUPERCENTER,9000 BLVD LEDUC,J4Y 0E6
9007 96A ST,FORT ST. JOHN,3,56.23646545,-120.83999634,2002-11-14 00:00:00,,1,117402,FORT ST JOHN  BC,3661,BASE STR SUPERCENTER,9007 96A ST,V1J 7B6
9021 QUARTZ RD,WHITEHORSE,1,60.73377991,-135.07000732,2001-11-15 00:00:00,(867)667   -2652,1,82457,WHITEHORSE  YT,3191,BASE STR WAL-MART,9021 QUARTZ RD,Y1A 4P9
903 18TH ST N,BRANDON,10,49.86824036,-99.95999908,1994-03-16 00:00:00,(204)726   -5821,1,170381,BRANDON  MANITOBA,3004,BASE STR SUPERCENTER,903 18TH ST N,R7A 7S1
9121 COMMERCIAL ST,NEW MINAS,29,45.06908417,-64.44999695,2003-01-30 00:00:00,,4,110257,NEW MINAS  NS,3738,BASE STR SUPERCENTER,9121 COMMERCIAL ST,B4N 3E7
917 3RD ST W,BROOKS,,50.57734299,-111.90000153,2002-10-03 00:00:00,,,67641,BROOKS ALBERTA,3658,BASE STR SUPERCENTER,917 3RD ST W,T1R 1L5
920 ONTARIO ST,STRATFORD,15,43.37207794,-80.94999695,2013-11-29 00:00:00,,2,87851,STRATFORD,1125,BASE STR SUPERCENTER,920 ONTARIO ST,N5A 3K1
925 MARINE DR,NORTH VANCOUVER,2,49.32110977,-123.09999847,1994-03-16 00:00:00,(604)984   -6830,1,124024,N VANCOUVER  B. C.,3057,BASE STR SUPERCENTER,925 MARINE DR,V7P 1S2
9251 ALDERBRIDGE WAY,RICHMOND,2,49.177845,-123.12000275,2016-10-27 00:00:00,,1,158903,RICHMOND (N)  BC,3652,BASE STR SUPERCENTER,9251 ALDERBRIDGE WAY,V6X 0N1
940 13E AV N,SHERBROOKE,26,45.42141724,-71.87000275,2012-10-18 00:00:00,,3,60391,SHERBROOKE (E),1172,BASE STR WAL-MART,940 13E AV N,J1E 3J7
9455 MISSISSAUGA RD,BRAMPTON,17,43.65789413,-79.80999756,2011-07-08 00:00:00,,2,184295,BRAMPTON WEST.  ON,1079,BASE STR SUPERCENTER,9455 MISSISSAUGA RD,L6X 0Z8
9499 137 AVE NW,EDMONTON,5,53.59825516,-113.48999786,2012-10-19 00:00:00,,1,125774,EDMONTON (NORTHGATE),1146,BASE STR SUPERCENTER,9499 137 AVE NW,T5E 5R8
95 1ST ST,ORANGEVILLE,12,43.93000412,-80.09999847,1997-10-29 00:00:00,(519)940   -0018,2,140007,ORANGEVILLE  ONT,3142,BASE STR SUPERCENTER,95 1ST ST,L9W 2E8
950 LANSDOWNE ST W,PETERBOROUGH,21,44.28441238,-78.33999634,2012-10-12 00:00:00,,4,124500,PETERBOUROUGH (S),1162,BASE STR SUPERCENTER,950 LANSDOWNE ST W,K9J 1Z9
9551 87TH AVE,FORT SASKATCHEWAN,4,53.6971817,-113.20999908,2003-08-21 00:00:00,,1,158929,FORT SASK. ALBERTA,5753,BASE STR SUPERCENTER,9551 87TH AVE,T8L 4N3
9650 MACLEOD TRAIL S,CALGARY,7,50.96590805,-114.06999969,1994-03-16 00:00:00,(403)258   -3988,1,145486,C. CALGARY  MCLEOD MALL,3010,BASE STR SUPERCENTER,9650 MACLEOD TRAIL SE,T2J 0P7
9701-78 ST,PEACE RIVER,4,56.23770142,-117.33999634,2008-06-11 00:00:00,,1,103905,PEACE RIVER  AB,1068,BASE STR SUPERCENTER,9701-78 ST,T8S 0A3
980 OBRIEN RD,RENFREW,22,45.47961426,-76.66000366,1994-03-16 00:00:00,(613)432   -4676,4,120485,RENFREW  ONTARIO,3078,BASE STR SUPERCENTER,980 O'BRIEN RD,K7V 0B4
9855 AUSTIN RD,BURNABY,2,49.25107193,-122.90000153,1994-03-16 00:00:00,(604)421   -0661,1,136232,BURNABY  BRITISH COLUMBIA,3008,BASE STR SUPERCENTER,9855 AUSTIN RD,V3J 1N5
ECOMMERCE PRICE URBA,MISSISSAUGA,,43.58904648,-79.63999939,2018-08-13 00:00:00,,,1,ECOMMERCE - PRICE - URBAN,2061,BASE STR WAL-MART,ECOMMERCE PRICE URBAN VANCOUVE,V1L 5Z4
ECOMMERCE RETAIL 200,MISSISSAUGA,,43.58904648,-79.63999939,2010-11-15 00:00:00,,,1,ECOMMERCE  NEW BRUNSWICK,2004,BASE STR WAL-MART,ECOMMERCE RETAIL 2004 NB,E3C 1A3
ECOMMERCE RETAIL 200,MISSISSAUGA,,43.58904648,-79.63999939,2010-11-15 00:00:00,,,1,ECOMMERCE BC,2002,BASE STR WAL-MART,ECOMMERCE RETAIL 2002 BC,V1L 5Z4
ECOMMERCE RETAIL 200,MISSISSAUGA,,43.58904648,-79.63999939,2010-11-15 00:00:00,,,1,ECOMMERCE RETAIL 2005 NL,2005,BASE STR WAL-MART,ECOMMERCE RETAIL 2005 NL,A1B 0C7
ECOMMERCE RETAIL 200,MISSISSAUGA,,43.58904648,-79.63999939,2010-11-16 00:00:00,,,1,ECOMMERCE  RETAIL NS 2007,2007,BASE STR WAL-MART,ECOMMERCE RETAIL 2007 NS,B3B 0B5
ECOMMERCE RETAIL 200,MISSISSAUGA,,43.58904648,-79.63999939,2010-11-16 00:00:00,,,1,ECOMMERCE  RETAIL NT 2006,2006,BASE STR WAL-MART,ECOMMERCE RETAIL 2006 NT,X1A 3T3
ECOMMERCE RETAIL 200,MISSISSAUGA,,43.58904648,-79.63999939,2010-11-16 00:00:00,,,1,ECOMMERCE  RETAIL NU 2008,2008,BASE STR WAL-MART,ECOMMERCE RETAIL 2008 NU,L5N 1P9
ECOMMERCE RETAIL 200,MISSISSAUGA,,43.58904648,-79.63999939,2010-11-16 00:00:00,,,1,ECOMMERCE  RETAIL ON 2009,2009,BASE STR WAL-MART,ECOMMERCE RETAIL 2009 ON,L5N 1P9
ECOMMERCE RETAIL 201,MISSISSAUGA,,43.58904648,-79.63999939,2010-11-16 00:00:00,,,1,ECOMMERCE  RETAIL PEI 201,2010,BASE STR WAL-MART,ECOMMERCE RETAIL 2010 PEI,C1E 2E5
ECOMMERCE RETAIL 201,MISSISSAUGA,,43.58904648,-79.63999939,2010-11-16 00:00:00,,,1,ECOMMERCE  RETAIL SK 2012,2012,BASE STR WAL-MART,ECOMMERCE RETAIL 2012 SK,S6V 8E3
ECOMMERCE RETAIL 201,MISSISSAUGA,,43.58904648,-79.63999939,2010-11-16 00:00:00,,,1,ECOMMERCE  RETAIL YT 2012,2013,BASE STR WAL-MART,ECOMMERCE RETAIL 2013 YT,Y1A 0A1
ECOMMERCE RETAIL DSV,MISSISSAUGA,999,43.58904648,-79.63999939,2010-11-15 00:00:00,,99,1,ECOMMERCE RETAIL DSV,2000,BASE STR WAL-MART,ECOMMERCE RETAIL DSV 2000,L5N 1P9
ECOMMERCE RETAIL MAN,MISSISSAUGA,,43.61413956,-79.69999695,2010-11-15 00:00:00,,,1,ECOMMERCE MANITOBA,2003,BASE STR WAL-MART,ECOMMERCE RETAIL MANITOBA 2003,R2C 4B4
ECOMMERCE RETAIL OI,MISSISSAUGA,,43.58904648,-79.63999939,2011-08-08 00:00:00,,,1,ECOMMERCE OI - AB,2014,BASE STR WAL-MART,ECOMMERCE RETAIL OI 2014,T8B 1N1
ECOMMERCE RETAIL OI,MISSISSAUGA,,43.58904648,-79.63999939,2011-08-08 00:00:00,,,1,ECOMMERCE OI - BC,2015,BASE STR WAL-MART,ECOMMERCE RETAIL OI 2015,V1L 5Z4
ECOMMERCE RETAIL OI,MISSISSAUGA,,43.58904648,-79.63999939,2011-08-08 00:00:00,,,1,ECOMMERCE OI - NB,2017,BASE STR WAL-MART,ECOMMERCE RETAIL OI 2017,E3C 1A3
ECOMMERCE RETAIL OI,MISSISSAUGA,,43.58904648,-79.63999939,2011-08-09 00:00:00,,,1,ECOMMERCE OI - NL,2018,BASE STR WAL-MART,ECOMMERCE RETAIL OI 2018,A1B 0C7
ECOMMERCE RETAIL OI,MISSISSAUGA,,43.58904648,-79.63999939,2011-08-09 00:00:00,,,1,ECOMMERCE OI - NS,2020,BASE STR WAL-MART,ECOMMERCE RETAIL OI 2020,B3B 0B5
ECOMMERCE RETAIL OI,MISSISSAUGA,,43.58904648,-79.63999939,2011-08-09 00:00:00,,,1,ECOMMERCE OI - NT,2019,BASE STR WAL-MART,ECOMMERCE RETAIL OI 2019,X1A 3T3
ECOMMERCE RETAIL OI,MISSISSAUGA,,43.58904648,-79.63999939,2011-08-09 00:00:00,,,1,ECOMMERCE OI - NU,2021,BASE STR WAL-MART,ECOMMERCE RETAIL OI 2021,L5N 1P9
ECOMMERCE RETAIL OI,MISSISSAUGA,,43.58904648,-79.63999939,2011-08-09 00:00:00,,,1,ECOMMERCE OI - PE,2023,BASE STR WAL-MART,ECOMMERCE RETAIL OI 2023,C1E 2E5
ECOMMERCE RETAIL OI,MISSISSAUGA,,43.58904648,-79.63999939,2011-08-09 00:00:00,,,1,ECOMMERCE OI - QC,2024,BASE STR WAL-MART,ECOMMERCE RETAIL OI 2024,H7S 1Z2
ECOMMERCE RETAIL OI,MISSISSAUGA,,43.58904648,-79.63999939,2011-08-09 00:00:00,,,1,ECOMMERCE OI - SK,2025,BASE STR WAL-MART,ECOMMERCE RETAIL OI 2025,S6V 8E3
ECOMMERCE RETAIL OI,MISSISSAUGA,,43.58904648,-79.63999939,2011-08-09 00:00:00,,,1,ECOMMERCE OI - YT,2026,BASE STR WAL-MART,ECOMMERCE RETAIL OI 2026,V1A 0A1
ECOMMERCE RETAIL OI,MISSISSAUGA,,43.61413956,-79.69999695,2011-08-08 00:00:00,,,1,ECOMMERCE OI - MB,2016,BASE STR WAL-MART,ECOMMERCE RETAIL OI 2016,R2C 4B4
ECOMMERCE RETAIL OWN,MISSISSAUGA,,43.58904648,-79.63999939,2010-11-17 00:00:00,,,1,ECOMMERCE OI,2022,BASE STR WAL-MART,ECOMMERCE RETAIL OWNED INVENTO,L5N 1P9
ECOMMERCE SALES 2001,MISSISSAUGA,,43.58904648,-79.63999939,2010-11-15 00:00:00,,,1,ECOMMERCE  ALBERTA,2001,BASE STR WAL-MART,ECOMMERCE SALES 2001,T8B 1N1
HWY # 17 E,DRYDEN,,49.78645325,-92.83999634,1994-03-16 00:00:00,(807)223   -7190,,85197,DRYDEN  ONTARIO,3024,BASE STR SUPERCENTER,HWY # 17 E,P8N 2Z4
UNIT 400-6900 46TH S,OLDS,8,51.79682159,-114.13999939,2008-01-23 00:00:00,,1,115861,OLDS  AB,1084,BASE STR SUPERCENTER,UNIT 400-6900 46TH ST,T4H 0A2
